0 verbose cli /usr/local/bin/node /usr/local/bin/npm
1 info using npm@9.6.5
2 info using node@v18.16.0
3 timing npm:load:whichnode Completed in 1ms
4 timing config:load:defaults Completed in 0ms
5 timing config:load:file:/usr/local/lib/node_modules/npm/npmrc Completed in 0ms
6 timing config:load:builtin Completed in 1ms
7 timing config:load:cli Completed in 0ms
8 timing config:load:env Completed in 0ms
9 timing config:load:file:/Users/sangjaeseo/BlueforgeProjects/알카노이드/.npmrc Completed in 0ms
10 timing config:load:project Completed in 1ms
11 timing config:load:file:/Users/sangjaeseo/.npmrc Completed in 0ms
12 timing config:load:user Completed in 0ms
13 timing config:load:file:/usr/local/etc/npmrc Completed in 0ms
14 timing config:load:global Completed in 0ms
15 timing config:load:setEnvs Completed in 1ms
16 timing config:load Completed in 3ms
17 timing npm:load:configload Completed in 3ms
18 timing npm:load:mkdirpcache Completed in 0ms
19 timing npm:load:mkdirplogs Completed in 0ms
20 verbose title npm install
21 verbose argv "install"
22 timing npm:load:setTitle Completed in 5ms
23 timing config:load:flatten Completed in 1ms
24 timing npm:load:display Completed in 1ms
25 verbose logfile logs-max:10 dir:/Users/sangjaeseo/BlueforgeProjects/알카노이드/.npm-cache/_logs/2026-03-30T03_25_28_159Z-
26 verbose logfile /Users/sangjaeseo/BlueforgeProjects/알카노이드/.npm-cache/_logs/2026-03-30T03_25_28_159Z-debug-0.log
27 timing npm:load:logFile Completed in 3ms
28 timing npm:load:timers Completed in 0ms
29 timing npm:load:configScope Completed in 0ms
30 timing npm:load Completed in 13ms
31 timing arborist:ctor Completed in 0ms
32 timing arborist:ctor Completed in 0ms
33 silly logfile done cleaning log files
34 timing idealTree:init Completed in 5ms
35 timing idealTree:userRequests Completed in 0ms
36 silly idealTree buildDeps
37 silly fetch manifest react@^18.2.0
38 http fetch GET 200 https://registry.npmjs.org/react 142ms (cache miss)
39 silly fetch manifest react-dom@^18.2.0
40 http fetch GET 200 https://registry.npmjs.org/react-dom 90ms (cache miss)
41 silly fetch manifest @types/react@^18.2.66
42 http fetch GET 200 https://registry.npmjs.org/@types%2freact 50ms (cache miss)
43 silly fetch manifest @types/react-dom@^18.2.22
44 http fetch GET 200 https://registry.npmjs.org/@types%2freact-dom 36ms (cache miss)
45 silly fetch manifest @typescript-eslint/eslint-plugin@^7.2.0
46 http fetch GET 200 https://registry.npmjs.org/@typescript-eslint%2feslint-plugin 232ms (cache miss)
47 silly fetch manifest @typescript-eslint/parser@^7.2.0
48 http fetch GET 200 https://registry.npmjs.org/@typescript-eslint%2fparser 154ms (cache miss)
49 silly fetch manifest eslint@^8.57.0
50 http fetch GET 200 https://registry.npmjs.org/eslint 36ms (cache miss)
51 silly fetch manifest @vitejs/plugin-react@^4.2.1
52 http fetch GET 200 https://registry.npmjs.org/@vitejs%2fplugin-react 207ms (cache miss)
53 silly fetch manifest vite@^5.2.0
54 http fetch GET 200 https://registry.npmjs.org/vite 45ms (cache miss)
55 silly fetch manifest @types/node@^18.0.0 || >=20.0.0
56 http fetch GET 200 https://registry.npmjs.org/@types%2fnode 88ms (cache miss)
57 silly fetch manifest less@*
58 http fetch GET 200 https://registry.npmjs.org/less 37ms (cache miss)
59 silly fetch manifest lightningcss@^1.21.0
60 http fetch GET 200 https://registry.npmjs.org/lightningcss 27ms (cache miss)
61 silly fetch manifest sass@*
62 http fetch GET 200 https://registry.npmjs.org/sass 33ms (cache miss)
63 silly fetch manifest sass-embedded@*
64 http fetch GET 200 https://registry.npmjs.org/sass-embedded 37ms (cache miss)
65 silly fetch manifest stylus@*
66 http fetch GET 200 https://registry.npmjs.org/stylus 196ms (cache miss)
67 silly fetch manifest sugarss@*
68 http fetch GET 200 https://registry.npmjs.org/sugarss 28ms (cache miss)
69 silly fetch manifest postcss@^8.4.38
70 http fetch GET 200 https://registry.npmjs.org/postcss 52ms (cache miss)
71 silly fetch manifest terser@^5.4.0
72 http fetch GET 200 https://registry.npmjs.org/terser 39ms (cache miss)
73 silly fetch manifest autoprefixer@^10.4.19
74 http fetch GET 200 https://registry.npmjs.org/autoprefixer 33ms (cache miss)
75 silly fetch manifest eslint-plugin-react-hooks@^4.6.0
76 http fetch GET 200 https://registry.npmjs.org/eslint-plugin-react-hooks 308ms (cache miss)
77 silly fetch manifest eslint-plugin-react-refresh@^0.4.6
78 http fetch GET 200 https://registry.npmjs.org/eslint-plugin-react-refresh 43ms (cache miss)
79 silly fetch manifest tailwindcss@^3.4.3
80 http fetch GET 200 https://registry.npmjs.org/tailwindcss 81ms (cache miss)
81 silly fetch manifest typescript@^5.2.2
82 http fetch GET 200 https://registry.npmjs.org/typescript 254ms (cache miss)
83 silly placeDep ROOT @types/react@18.3.28 OK for: arkanoid@0.0.0 want: ^18.2.66
84 silly placeDep ROOT @types/react-dom@18.3.7 OK for: arkanoid@0.0.0 want: ^18.2.22
85 silly placeDep ROOT @typescript-eslint/eslint-plugin@7.2.0 OK for: arkanoid@0.0.0 want: ^7.2.0
86 silly placeDep ROOT eslint@8.57.1 OK for: @typescript-eslint/eslint-plugin@7.2.0 want: ^8.56.0
87 silly placeDep ROOT @typescript-eslint/parser@7.2.0 OK for: @typescript-eslint/eslint-plugin@7.2.0 want: ^7.0.0
88 silly placeDep ROOT @vitejs/plugin-react@4.7.0 OK for: arkanoid@0.0.0 want: ^4.2.1
89 silly placeDep ROOT vite@5.4.21 OK for: @vitejs/plugin-react@4.7.0 want: ^4.2.0 || ^5.0.0 || ^6.0.0 || ^7.0.0
90 silly placeDep ROOT autoprefixer@10.4.27 OK for: arkanoid@0.0.0 want: ^10.4.19
91 silly placeDep ROOT postcss@8.5.8 OK for: autoprefixer@10.4.27 want: ^8.1.0
92 silly placeDep ROOT eslint-plugin-react-hooks@4.6.2 OK for: arkanoid@0.0.0 want: ^4.6.0
93 silly placeDep ROOT eslint-plugin-react-refresh@0.4.26 OK for: arkanoid@0.0.0 want: ^0.4.6
94 silly placeDep ROOT react@18.3.1 OK for: arkanoid@0.0.0 want: ^18.2.0
95 silly placeDep ROOT react-dom@18.3.1 OK for: arkanoid@0.0.0 want: ^18.2.0
96 silly placeDep ROOT tailwindcss@3.4.19 OK for: arkanoid@0.0.0 want: ^3.4.3
97 silly placeDep ROOT typescript@5.9.3 OK for: arkanoid@0.0.0 want: ^5.2.2
98 silly fetch manifest csstype@^3.2.2
99 silly fetch manifest @types/prop-types@*
100 silly fetch manifest debug@^4.3.4
101 silly fetch manifest ignore@^5.2.4
102 silly fetch manifest semver@^7.5.4
103 silly fetch manifest graphemer@^1.4.0
104 silly fetch manifest ts-api-utils@^1.0.1
105 silly fetch manifest natural-compare@^1.4.0
106 silly fetch manifest @typescript-eslint/utils@7.2.0
107 silly fetch manifest @eslint-community/regexpp@^4.5.1
108 silly fetch manifest @typescript-eslint/type-utils@7.2.0
109 silly fetch manifest @typescript-eslint/visitor-keys@7.2.0
110 silly fetch manifest @typescript-eslint/scope-manager@7.2.0
111 silly fetch manifest @typescript-eslint/types@7.2.0
112 silly fetch manifest @typescript-eslint/typescript-estree@7.2.0
113 silly fetch manifest ajv@^6.12.4
114 silly fetch manifest levn@^0.4.1
115 silly fetch manifest chalk@^4.0.0
116 silly fetch manifest debug@^4.3.2
117 silly fetch manifest espree@^9.6.1
118 silly fetch manifest ignore@^5.2.0
119 silly fetch manifest esquery@^1.4.2
120 silly fetch manifest esutils@^2.0.2
121 silly fetch manifest find-up@^5.0.0
122 silly fetch manifest globals@^13.19.0
123 silly fetch manifest is-glob@^4.0.0
124 silly fetch manifest js-yaml@^4.1.0
125 silly fetch manifest doctrine@^3.0.0
126 silly fetch manifest minimatch@^3.1.2
127 silly fetch manifest @eslint/js@8.57.1
128 silly fetch manifest optionator@^0.9.3
129 silly fetch manifest strip-ansi@^6.0.1
130 silly fetch manifest text-table@^0.2.0
131 silly fetch manifest cross-spawn@^7.0.2
132 silly fetch manifest glob-parent@^6.0.2
133 silly fetch manifest imurmurhash@^0.1.4
134 silly fetch manifest eslint-scope@^7.2.2
135 silly fetch manifest lodash.merge@^4.6.2
136 silly fetch manifest is-path-inside@^3.0.3
137 silly fetch manifest fast-deep-equal@^3.1.3
138 silly fetch manifest @eslint/eslintrc@^2.1.4
139 silly fetch manifest @nodelib/fs.walk@^1.2.8
140 silly fetch manifest file-entry-cache@^6.0.1
141 silly fetch manifest eslint-visitor-keys@^3.4.3
142 silly fetch manifest escape-string-regexp@^4.0.0
143 silly fetch manifest @ungap/structured-clone@^1.2.0
144 silly fetch manifest @eslint-community/regexpp@^4.6.1
145 silly fetch manifest @humanwhocodes/config-array@^0.13.0
146 silly fetch manifest @eslint-community/eslint-utils@^4.2.0
147 silly fetch manifest @humanwhocodes/module-importer@^1.0.1
148 silly fetch manifest json-stable-stringify-without-jsonify@^1.0.1
149 silly fetch manifest @babel/core@^7.28.0
150 silly fetch manifest react-refresh@^0.17.0
151 silly fetch manifest @types/babel__core@^7.20.5
152 silly fetch manifest @rolldown/pluginutils@1.0.0-beta.27
153 silly fetch manifest @babel/plugin-transform-react-jsx-self@^7.27.1
154 silly fetch manifest @babel/plugin-transform-react-jsx-source@^7.27.1
155 silly fetch manifest rollup@^4.20.0
156 silly fetch manifest esbuild@^0.21.3
157 silly fetch manifest fsevents@~2.3.3
158 silly fetch manifest browserslist@^4.28.1
159 silly fetch manifest caniuse-lite@^1.0.30001774
160 silly fetch manifest fraction.js@^5.3.4
161 silly fetch manifest picocolors@^1.1.1
162 silly fetch manifest postcss-value-parser@^4.2.0
163 silly fetch manifest nanoid@^3.3.11
164 silly fetch manifest source-map-js@^1.2.1
165 silly fetch manifest loose-envify@^1.1.0
166 silly fetch manifest scheduler@^0.23.2
167 silly fetch manifest arg@^5.0.2
168 silly fetch manifest dlv@^1.1.3
169 silly fetch manifest jiti@^1.21.7
170 silly fetch manifest is-glob@^4.0.3
171 silly fetch manifest resolve@^1.22.8
172 silly fetch manifest sucrase@^3.35.0
173 silly fetch manifest chokidar@^3.6.0
174 silly fetch manifest fast-glob@^3.3.2
175 silly fetch manifest lilconfig@^3.1.3
176 silly fetch manifest didyoumean@^1.2.2
177 silly fetch manifest micromatch@^4.0.8
178 silly fetch manifest postcss-js@^4.0.1
179 silly fetch manifest object-hash@^3.0.0
180 silly fetch manifest normalize-path@^3.0.0
181 silly fetch manifest postcss-import@^15.1.0
182 silly fetch manifest postcss-nested@^6.2.0
183 silly fetch manifest @alloc/quick-lru@^5.2.0
184 silly fetch manifest postcss-load-config@^4.0.2 || ^5.0 || ^6.0
185 silly fetch manifest postcss-selector-parser@^6.1.2
186 http fetch GET 200 https://registry.npmjs.org/csstype 62ms (cache miss)
187 http fetch GET 200 https://registry.npmjs.org/ignore 88ms (cache miss)
188 http fetch GET 200 https://registry.npmjs.org/natural-compare 93ms (cache miss)
189 http fetch GET 200 https://registry.npmjs.org/debug 101ms (cache miss)
190 http fetch GET 200 https://registry.npmjs.org/ts-api-utils 101ms (cache miss)
191 http fetch GET 200 https://registry.npmjs.org/semver 104ms (cache miss)
192 http fetch GET 200 https://registry.npmjs.org/ajv 102ms (cache miss)
193 http fetch GET 200 https://registry.npmjs.org/@eslint-community%2fregexpp 106ms (cache miss)
194 http fetch GET 200 https://registry.npmjs.org/levn 111ms (cache miss)
195 http fetch GET 200 https://registry.npmjs.org/chalk 116ms (cache miss)
196 http fetch GET 200 https://registry.npmjs.org/debug 116ms (cache miss)
197 http fetch GET 200 https://registry.npmjs.org/esquery 121ms (cache miss)
198 http fetch GET 200 https://registry.npmjs.org/ignore 123ms (cache miss)
199 http fetch GET 200 https://registry.npmjs.org/espree 125ms (cache miss)
200 http fetch GET 200 https://registry.npmjs.org/esutils 130ms (cache miss)
201 http fetch GET 200 https://registry.npmjs.org/find-up 138ms (cache miss)
202 http fetch GET 200 https://registry.npmjs.org/doctrine 156ms (cache miss)
203 http fetch GET 200 https://registry.npmjs.org/minimatch 167ms (cache miss)
204 http fetch GET 200 https://registry.npmjs.org/@eslint%2fjs 182ms (cache miss)
205 http fetch GET 200 https://registry.npmjs.org/js-yaml 184ms (cache miss)
206 http fetch GET 200 https://registry.npmjs.org/@typescript-eslint%2ftype-utils 197ms (cache miss)
207 http fetch GET 200 https://registry.npmjs.org/strip-ansi 202ms (cache miss)
208 http fetch GET 200 https://registry.npmjs.org/globals 204ms (cache miss)
209 http fetch GET 200 https://registry.npmjs.org/text-table 204ms (cache miss)
210 http fetch GET 200 https://registry.npmjs.org/imurmurhash 207ms (cache miss)
211 http fetch GET 200 https://registry.npmjs.org/glob-parent 209ms (cache miss)
212 http fetch GET 200 https://registry.npmjs.org/@typescript-eslint%2futils 222ms (cache miss)
213 http fetch GET 200 https://registry.npmjs.org/lodash.merge 230ms (cache miss)
214 http fetch GET 200 https://registry.npmjs.org/cross-spawn 232ms (cache miss)
215 http fetch GET 200 https://registry.npmjs.org/is-glob 234ms (cache miss)
216 http fetch GET 200 https://registry.npmjs.org/fast-deep-equal 233ms (cache miss)
217 http fetch GET 200 https://registry.npmjs.org/is-path-inside 233ms (cache miss)
218 http fetch GET 200 https://registry.npmjs.org/eslint-scope 233ms (cache miss)
219 http fetch GET 200 https://registry.npmjs.org/@nodelib%2ffs.walk 232ms (cache miss)
220 http fetch GET 200 https://registry.npmjs.org/@eslint%2feslintrc 233ms (cache miss)
221 http fetch GET 200 https://registry.npmjs.org/eslint-visitor-keys 235ms (cache miss)
222 http fetch GET 200 https://registry.npmjs.org/file-entry-cache 240ms (cache miss)
223 http fetch GET 200 https://registry.npmjs.org/graphemer 249ms (cache miss)
224 http fetch GET 200 https://registry.npmjs.org/@typescript-eslint%2fscope-manager 248ms (cache miss)
225 http fetch GET 200 https://registry.npmjs.org/escape-string-regexp 253ms (cache miss)
226 http fetch GET 200 https://registry.npmjs.org/json-stable-stringify-without-jsonify 258ms (cache miss)
227 http fetch GET 200 https://registry.npmjs.org/@ungap%2fstructured-clone 258ms (cache miss)
228 http fetch GET 200 https://registry.npmjs.org/@typescript-eslint%2fvisitor-keys 268ms (cache miss)
229 http fetch GET 200 https://registry.npmjs.org/@eslint-community%2fregexpp 277ms (cache miss)
230 http fetch GET 200 https://registry.npmjs.org/@humanwhocodes%2fmodule-importer 277ms (cache miss)
231 http fetch GET 200 https://registry.npmjs.org/@babel%2fplugin-transform-react-jsx-self 279ms (cache miss)
232 http fetch GET 200 https://registry.npmjs.org/@humanwhocodes%2fconfig-array 280ms (cache miss)
233 http fetch GET 200 https://registry.npmjs.org/@types%2fbabel__core 280ms (cache miss)
234 http fetch GET 200 https://registry.npmjs.org/@rolldown%2fpluginutils 281ms (cache miss)
235 http fetch GET 200 https://registry.npmjs.org/@babel%2fcore 283ms (cache miss)
236 http fetch GET 200 https://registry.npmjs.org/fsevents 289ms (cache miss)
237 http fetch GET 200 https://registry.npmjs.org/picocolors 310ms (cache miss)
238 http fetch GET 200 https://registry.npmjs.org/@babel%2fplugin-transform-react-jsx-source 314ms (cache miss)
239 http fetch GET 200 https://registry.npmjs.org/fraction.js 313ms (cache miss)
240 http fetch GET 200 https://registry.npmjs.org/esbuild 316ms (cache miss)
241 http fetch GET 200 https://registry.npmjs.org/nanoid 316ms (cache miss)
242 http fetch GET 200 https://registry.npmjs.org/postcss-value-parser 317ms (cache miss)
243 http fetch GET 200 https://registry.npmjs.org/source-map-js 318ms (cache miss)
244 http fetch GET 200 https://registry.npmjs.org/browserslist 319ms (cache miss)
245 http fetch GET 200 https://registry.npmjs.org/loose-envify 329ms (cache miss)
246 http fetch GET 200 https://registry.npmjs.org/arg 329ms (cache miss)
247 http fetch GET 200 https://registry.npmjs.org/@typescript-eslint%2ftypescript-estree 341ms (cache miss)
248 http fetch GET 200 https://registry.npmjs.org/is-glob 352ms (cache miss)
249 http fetch GET 200 https://registry.npmjs.org/dlv 353ms (cache miss)
250 http fetch GET 200 https://registry.npmjs.org/didyoumean 355ms (cache miss)
251 http fetch GET 200 https://registry.npmjs.org/chokidar 356ms (cache miss)
252 http fetch GET 200 https://registry.npmjs.org/resolve 357ms (cache miss)
253 http fetch GET 200 https://registry.npmjs.org/caniuse-lite 361ms (cache miss)
254 http fetch GET 200 https://registry.npmjs.org/sucrase 362ms (cache miss)
255 http fetch GET 200 https://registry.npmjs.org/lilconfig 363ms (cache miss)
256 http fetch GET 200 https://registry.npmjs.org/jiti 364ms (cache miss)
257 http fetch GET 200 https://registry.npmjs.org/object-hash 365ms (cache miss)
258 http fetch GET 200 https://registry.npmjs.org/postcss-js 365ms (cache miss)
259 http fetch GET 200 https://registry.npmjs.org/fast-glob 366ms (cache miss)
260 http fetch GET 200 https://registry.npmjs.org/micromatch 367ms (cache miss)
261 http fetch GET 200 https://registry.npmjs.org/react-refresh 374ms (cache miss)
262 http fetch GET 200 https://registry.npmjs.org/normalize-path 381ms (cache miss)
263 http fetch GET 200 https://registry.npmjs.org/postcss-nested 382ms (cache miss)
264 http fetch GET 200 https://registry.npmjs.org/postcss-load-config 380ms (cache miss)
265 http fetch GET 200 https://registry.npmjs.org/postcss-selector-parser 380ms (cache miss)
266 http fetch GET 200 https://registry.npmjs.org/rollup 389ms (cache miss)
267 http fetch GET 200 https://registry.npmjs.org/@alloc%2fquick-lru 391ms (cache miss)
268 http fetch GET 200 https://registry.npmjs.org/postcss-import 392ms (cache miss)
269 http fetch GET 200 https://registry.npmjs.org/optionator 403ms (cache miss)
270 http fetch GET 200 https://registry.npmjs.org/scheduler 401ms (cache miss)
271 http fetch GET 200 https://registry.npmjs.org/@typescript-eslint%2ftypes 420ms (cache miss)
272 http fetch GET 200 https://registry.npmjs.org/@types%2fprop-types 710ms (cache miss)
273 http fetch GET 200 https://registry.npmjs.org/@eslint-community%2feslint-utils 739ms (cache miss)
274 timing idealTree:#root Completed in 3239ms
275 silly placeDep ROOT @types/prop-types@15.7.15 OK for: @types/react@18.3.28 want: *
276 silly placeDep ROOT csstype@3.2.3 OK for: @types/react@18.3.28 want: ^3.2.2
277 timing idealTree:node_modules/@types/react Completed in 1ms
278 timing idealTree:node_modules/@types/prop-types Completed in 0ms
279 timing idealTree:node_modules/@types/react-dom Completed in 0ms
280 silly fetch manifest typescript@>=4.2.0
281 silly fetch manifest eslint@^8.56.0
282 silly placeDep ROOT @eslint-community/regexpp@4.12.2 OK for: @typescript-eslint/eslint-plugin@7.2.0 want: ^4.5.1
283 silly placeDep ROOT @typescript-eslint/scope-manager@7.2.0 OK for: @typescript-eslint/eslint-plugin@7.2.0 want: 7.2.0
284 silly placeDep ROOT @typescript-eslint/type-utils@7.2.0 OK for: @typescript-eslint/eslint-plugin@7.2.0 want: 7.2.0
285 silly placeDep ROOT @typescript-eslint/utils@7.2.0 OK for: @typescript-eslint/eslint-plugin@7.2.0 want: 7.2.0
286 silly placeDep ROOT @typescript-eslint/visitor-keys@7.2.0 OK for: @typescript-eslint/eslint-plugin@7.2.0 want: 7.2.0
287 silly placeDep ROOT debug@4.4.3 OK for: @typescript-eslint/eslint-plugin@7.2.0 want: ^4.3.4
288 silly placeDep ROOT graphemer@1.4.0 OK for: @typescript-eslint/eslint-plugin@7.2.0 want: ^1.4.0
289 silly placeDep ROOT ignore@5.3.2 OK for: @typescript-eslint/eslint-plugin@7.2.0 want: ^5.2.4
290 silly placeDep ROOT natural-compare@1.4.0 OK for: @typescript-eslint/eslint-plugin@7.2.0 want: ^1.4.0
291 silly placeDep ROOT semver@7.7.4 OK for: @typescript-eslint/eslint-plugin@7.2.0 want: ^7.5.4
292 silly placeDep ROOT ts-api-utils@1.4.3 OK for: @typescript-eslint/eslint-plugin@7.2.0 want: ^1.0.1
293 silly fetch manifest @types/semver@^7.5.0
294 silly fetch manifest @types/json-schema@^7.0.12
295 silly fetch manifest @eslint-community/eslint-utils@^4.4.0
296 silly fetch manifest eslint-visitor-keys@^3.4.1
297 silly fetch manifest ms@^2.1.3
298 http fetch GET 200 https://registry.npmjs.org/ms 31ms (cache miss)
299 http fetch GET 200 https://registry.npmjs.org/@types%2fsemver 39ms (cache miss)
300 http fetch GET 200 https://registry.npmjs.org/@types%2fjson-schema 38ms (cache miss)
301 timing idealTree:node_modules/@typescript-eslint/eslint-plugin Completed in 51ms
302 timing idealTree:node_modules/@eslint-community/regexpp Completed in 0ms
303 silly placeDep ROOT @typescript-eslint/types@7.2.0 OK for: @typescript-eslint/parser@7.2.0 want: 7.2.0
304 silly placeDep ROOT @typescript-eslint/typescript-estree@7.2.0 OK for: @typescript-eslint/parser@7.2.0 want: 7.2.0
305 silly fetch manifest globby@^11.1.0
306 silly fetch manifest minimatch@9.0.3
307 http fetch GET 200 https://registry.npmjs.org/globby 28ms (cache miss)
308 timing idealTree:node_modules/@typescript-eslint/parser Completed in 30ms
309 timing idealTree:node_modules/@typescript-eslint/scope-manager Completed in 0ms
310 timing idealTree:node_modules/@typescript-eslint/type-utils Completed in 0ms
311 timing idealTree:node_modules/@typescript-eslint/types Completed in 0ms
312 silly placeDep ROOT globby@11.1.0 OK for: @typescript-eslint/typescript-estree@7.2.0 want: ^11.1.0
313 silly placeDep ROOT is-glob@4.0.3 OK for: @typescript-eslint/typescript-estree@7.2.0 want: ^4.0.3
314 silly placeDep ROOT minimatch@9.0.3 OK for: @typescript-eslint/typescript-estree@7.2.0 want: 9.0.3
315 silly fetch manifest slash@^3.0.0
316 silly fetch manifest merge2@^1.4.1
317 silly fetch manifest dir-glob@^3.0.1
318 silly fetch manifest fast-glob@^3.2.9
319 silly fetch manifest array-union@^2.1.0
320 silly fetch manifest is-extglob@^2.1.1
321 silly fetch manifest brace-expansion@^2.0.1
322 http fetch GET 200 https://registry.npmjs.org/slash 29ms (cache miss)
323 http fetch GET 200 https://registry.npmjs.org/array-union 29ms (cache miss)
324 http fetch GET 200 https://registry.npmjs.org/brace-expansion 29ms (cache miss)
325 http fetch GET 200 https://registry.npmjs.org/merge2 32ms (cache miss)
326 http fetch GET 200 https://registry.npmjs.org/is-extglob 34ms (cache miss)
327 http fetch GET 200 https://registry.npmjs.org/dir-glob 46ms (cache miss)
328 timing idealTree:node_modules/@typescript-eslint/typescript-estree Completed in 48ms
329 silly placeDep ROOT @eslint-community/eslint-utils@4.9.1 OK for: @typescript-eslint/utils@7.2.0 want: ^4.4.0
330 silly placeDep ROOT @types/json-schema@7.0.15 OK for: @typescript-eslint/utils@7.2.0 want: ^7.0.12
331 silly placeDep ROOT @types/semver@7.7.1 OK for: @typescript-eslint/utils@7.2.0 want: ^7.5.0
332 timing idealTree:node_modules/@typescript-eslint/utils Completed in 2ms
333 silly placeDep ROOT eslint-visitor-keys@3.4.3 OK for: @eslint-community/eslint-utils@4.9.1 want: ^3.4.3
334 timing idealTree:node_modules/@eslint-community/eslint-utils Completed in 1ms
335 timing idealTree:node_modules/@types/json-schema Completed in 0ms
336 timing idealTree:node_modules/@types/semver Completed in 0ms
337 timing idealTree:node_modules/@typescript-eslint/visitor-keys Completed in 0ms
338 silly placeDep ROOT @babel/core@7.29.0 OK for: @vitejs/plugin-react@4.7.0 want: ^7.28.0
339 silly placeDep ROOT @babel/plugin-transform-react-jsx-self@7.27.1 OK for: @vitejs/plugin-react@4.7.0 want: ^7.27.1
340 silly placeDep ROOT @babel/plugin-transform-react-jsx-source@7.27.1 OK for: @vitejs/plugin-react@4.7.0 want: ^7.27.1
341 silly placeDep ROOT @rolldown/pluginutils@1.0.0-beta.27 OK for: @vitejs/plugin-react@4.7.0 want: 1.0.0-beta.27
342 silly placeDep ROOT @types/babel__core@7.20.5 OK for: @vitejs/plugin-react@4.7.0 want: ^7.20.5
343 silly placeDep ROOT react-refresh@0.17.0 OK for: @vitejs/plugin-react@4.7.0 want: ^0.17.0
344 silly fetch manifest json5@^2.2.3
345 silly fetch manifest semver@^6.3.1
346 silly fetch manifest gensync@^1.0.0-beta.2
347 silly fetch manifest @babel/types@^7.29.0
348 silly fetch manifest @babel/parser@^7.29.0
349 silly fetch manifest @babel/helpers@^7.28.6
350 silly fetch manifest @babel/template@^7.28.6
351 silly fetch manifest @babel/traverse@^7.29.0
352 silly fetch manifest @babel/generator@^7.29.0
353 silly fetch manifest @babel/code-frame@^7.29.0
354 silly fetch manifest convert-source-map@^2.0.0
355 silly fetch manifest @jridgewell/remapping@^2.3.5
356 silly fetch manifest @babel/helper-module-transforms@^7.28.6
357 silly fetch manifest @babel/helper-compilation-targets@^7.28.6
358 silly fetch manifest @babel/helper-plugin-utils@^7.27.1
359 silly fetch manifest @babel/types@^7.20.7
360 silly fetch manifest @babel/parser@^7.20.7
361 silly fetch manifest @types/babel__template@*
362 silly fetch manifest @types/babel__traverse@*
363 silly fetch manifest @types/babel__generator@*
364 http fetch GET 200 https://registry.npmjs.org/json5 35ms (cache miss)
365 http fetch GET 200 https://registry.npmjs.org/convert-source-map 35ms (cache miss)
366 http fetch GET 200 https://registry.npmjs.org/gensync 38ms (cache miss)
367 http fetch GET 200 https://registry.npmjs.org/@jridgewell%2fremapping 48ms (cache miss)
368 http fetch GET 200 https://registry.npmjs.org/@babel%2fhelper-compilation-targets 50ms (cache miss)
369 http fetch GET 200 https://registry.npmjs.org/@babel%2fcode-frame 52ms (cache miss)
370 http fetch GET 200 https://registry.npmjs.org/@babel%2ftemplate 52ms (cache miss)
371 http fetch GET 200 https://registry.npmjs.org/@babel%2fhelper-plugin-utils 51ms (cache miss)
372 http fetch GET 200 https://registry.npmjs.org/@babel%2ftypes 55ms (cache miss)
373 http fetch GET 200 https://registry.npmjs.org/@babel%2fgenerator 55ms (cache miss)
374 http fetch GET 200 https://registry.npmjs.org/@babel%2fhelpers 57ms (cache miss)
375 http fetch GET 200 https://registry.npmjs.org/@babel%2fparser 58ms (cache miss)
376 http fetch GET 200 https://registry.npmjs.org/@babel%2ftraverse 58ms (cache miss)
377 http fetch GET 200 https://registry.npmjs.org/@babel%2ftypes 56ms (cache miss)
378 http fetch GET 200 https://registry.npmjs.org/@babel%2fhelper-module-transforms 60ms (cache miss)
379 http fetch GET 200 https://registry.npmjs.org/@types%2fbabel__template 66ms (cache miss)
380 http fetch GET 200 https://registry.npmjs.org/@babel%2fparser 70ms (cache miss)
381 http fetch GET 200 https://registry.npmjs.org/@types%2fbabel__generator 74ms (cache miss)
382 http fetch GET 200 https://registry.npmjs.org/@types%2fbabel__traverse 76ms (cache miss)
383 timing idealTree:node_modules/@vitejs/plugin-react Completed in 84ms
384 silly fetch manifest @babel/core@^7.0.0
385 silly placeDep ROOT @babel/code-frame@7.29.0 OK for: @babel/core@7.29.0 want: ^7.29.0
386 silly placeDep ROOT @babel/generator@7.29.1 OK for: @babel/core@7.29.0 want: ^7.29.0
387 silly placeDep ROOT @babel/helper-compilation-targets@7.28.6 OK for: @babel/core@7.29.0 want: ^7.28.6
388 silly placeDep ROOT @babel/helper-module-transforms@7.28.6 OK for: @babel/core@7.29.0 want: ^7.28.6
389 silly placeDep ROOT @babel/helpers@7.29.2 OK for: @babel/core@7.29.0 want: ^7.28.6
390 silly placeDep ROOT @babel/parser@7.29.2 OK for: @babel/core@7.29.0 want: ^7.29.0
391 silly placeDep ROOT @babel/template@7.28.6 OK for: @babel/core@7.29.0 want: ^7.28.6
392 silly placeDep ROOT @babel/traverse@7.29.0 OK for: @babel/core@7.29.0 want: ^7.29.0
393 silly placeDep ROOT @babel/types@7.29.0 OK for: @babel/core@7.29.0 want: ^7.29.0
394 silly placeDep ROOT @jridgewell/remapping@2.3.5 OK for: @babel/core@7.29.0 want: ^2.3.5
395 silly placeDep ROOT convert-source-map@2.0.0 OK for: @babel/core@7.29.0 want: ^2.0.0
396 silly placeDep ROOT gensync@1.0.0-beta.2 OK for: @babel/core@7.29.0 want: ^1.0.0-beta.2
397 silly placeDep ROOT json5@2.2.3 OK for: @babel/core@7.29.0 want: ^2.2.3
398 silly placeDep node_modules/@babel/core semver@6.3.1 OK for: @babel/core@7.29.0 want: ^6.3.1
399 silly fetch manifest js-tokens@^4.0.0
400 silly fetch manifest @babel/helper-validator-identifier@^7.28.5
401 silly fetch manifest jsesc@^3.0.2
402 silly fetch manifest @jridgewell/gen-mapping@^0.3.12
403 silly fetch manifest @jridgewell/trace-mapping@^0.3.28
404 silly fetch manifest lru-cache@^5.1.1
405 silly fetch manifest browserslist@^4.24.0
406 silly fetch manifest @babel/compat-data@^7.28.6
407 silly fetch manifest @babel/helper-validator-option@^7.27.1
408 silly fetch manifest @babel/helper-module-imports@^7.28.6
409 silly fetch manifest @babel/helper-globals@^7.28.0
410 silly fetch manifest @babel/helper-string-parser@^7.27.1
411 silly fetch manifest @jridgewell/gen-mapping@^0.3.5
412 silly fetch manifest @jridgewell/trace-mapping@^0.3.24
413 http fetch GET 200 https://registry.npmjs.org/js-tokens 36ms (cache miss)
414 http fetch GET 200 https://registry.npmjs.org/@babel%2fhelper-string-parser 35ms (cache miss)
415 http fetch GET 200 https://registry.npmjs.org/@babel%2fhelper-globals 38ms (cache miss)
416 http fetch GET 200 https://registry.npmjs.org/@babel%2fhelper-validator-option 40ms (cache miss)
417 http fetch GET 200 https://registry.npmjs.org/@babel%2fhelper-validator-identifier 42ms (cache miss)
418 http fetch GET 200 https://registry.npmjs.org/lru-cache 41ms (cache miss)
419 http fetch GET 200 https://registry.npmjs.org/@babel%2fcompat-data 42ms (cache miss)
420 http fetch GET 200 https://registry.npmjs.org/@babel%2fhelper-module-imports 111ms (cache miss)
421 http fetch GET 200 https://registry.npmjs.org/jsesc 114ms (cache miss)
422 http fetch GET 200 https://registry.npmjs.org/@jridgewell%2ftrace-mapping 216ms (cache miss)
423 http fetch GET 200 https://registry.npmjs.org/@jridgewell%2ftrace-mapping 497ms (cache miss)
424 http fetch GET 200 https://registry.npmjs.org/@jridgewell%2fgen-mapping 662ms (cache miss)
425 http fetch GET 200 https://registry.npmjs.org/@jridgewell%2fgen-mapping 683ms (cache miss)
426 timing idealTree:node_modules/@babel/core Completed in 690ms
427 silly placeDep ROOT @babel/helper-validator-identifier@7.28.5 OK for: @babel/code-frame@7.29.0 want: ^7.28.5
428 silly placeDep ROOT js-tokens@4.0.0 OK for: @babel/code-frame@7.29.0 want: ^4.0.0
429 silly placeDep ROOT picocolors@1.1.1 OK for: @babel/code-frame@7.29.0 want: ^1.1.1
430 timing idealTree:node_modules/@babel/code-frame Completed in 2ms
431 silly placeDep ROOT @jridgewell/gen-mapping@0.3.13 OK for: @babel/generator@7.29.1 want: ^0.3.12
432 silly placeDep ROOT @jridgewell/trace-mapping@0.3.31 OK for: @babel/generator@7.29.1 want: ^0.3.28
433 silly placeDep ROOT jsesc@3.1.0 OK for: @babel/generator@7.29.1 want: ^3.0.2
434 silly fetch manifest @jridgewell/sourcemap-codec@^1.5.0
435 silly fetch manifest @jridgewell/resolve-uri@^3.1.0
436 silly fetch manifest @jridgewell/sourcemap-codec@^1.4.14
437 http fetch GET 200 https://registry.npmjs.org/@jridgewell%2fsourcemap-codec 208ms (cache miss)
438 http fetch GET 200 https://registry.npmjs.org/@jridgewell%2fsourcemap-codec 210ms (cache miss)
439 http fetch GET 200 https://registry.npmjs.org/@jridgewell%2fresolve-uri 353ms (cache miss)
440 timing idealTree:node_modules/@babel/generator Completed in 357ms
441 silly placeDep ROOT @babel/compat-data@7.29.0 OK for: @babel/helper-compilation-targets@7.28.6 want: ^7.28.6
442 silly placeDep ROOT @babel/helper-validator-option@7.27.1 OK for: @babel/helper-compilation-targets@7.28.6 want: ^7.27.1
443 silly placeDep ROOT browserslist@4.28.1 OK for: @babel/helper-compilation-targets@7.28.6 want: ^4.24.0
444 silly placeDep ROOT lru-cache@5.1.1 OK for: @babel/helper-compilation-targets@7.28.6 want: ^5.1.1
445 silly placeDep node_modules/@babel/helper-compilation-targets semver@6.3.1 OK for: @babel/helper-compilation-targets@7.28.6 want: ^6.3.1
446 silly fetch manifest baseline-browser-mapping@^2.9.0
447 silly fetch manifest caniuse-lite@^1.0.30001759
448 silly fetch manifest electron-to-chromium@^1.5.263
449 silly fetch manifest node-releases@^2.0.27
450 silly fetch manifest update-browserslist-db@^1.2.0
451 silly fetch manifest yallist@^3.0.2
452 http fetch GET 200 https://registry.npmjs.org/yallist 33ms (cache miss)
453 http fetch GET 200 https://registry.npmjs.org/baseline-browser-mapping 36ms (cache miss)
454 http fetch GET 200 https://registry.npmjs.org/node-releases 38ms (cache miss)
455 http fetch GET 200 https://registry.npmjs.org/update-browserslist-db 38ms (cache miss)
456 http fetch GET 200 https://registry.npmjs.org/electron-to-chromium 168ms (cache miss)
457 timing idealTree:node_modules/@babel/helper-compilation-targets Completed in 181ms
458 timing idealTree:node_modules/@babel/compat-data Completed in 0ms
459 silly placeDep ROOT @babel/helper-module-imports@7.28.6 OK for: @babel/helper-module-transforms@7.28.6 want: ^7.28.6
460 timing idealTree:node_modules/@babel/helper-module-transforms Completed in 1ms
461 timing idealTree:node_modules/@babel/helper-module-imports Completed in 0ms
462 timing idealTree:node_modules/@babel/helper-validator-identifier Completed in 0ms
463 timing idealTree:node_modules/@babel/helper-validator-option Completed in 0ms
464 timing idealTree:node_modules/@babel/helpers Completed in 0ms
465 timing idealTree:node_modules/@babel/parser Completed in 0ms
466 silly placeDep ROOT @babel/helper-plugin-utils@7.28.6 OK for: @babel/plugin-transform-react-jsx-self@7.27.1 want: ^7.27.1
467 timing idealTree:node_modules/@babel/plugin-transform-react-jsx-self Completed in 0ms
468 timing idealTree:node_modules/@babel/helper-plugin-utils Completed in 0ms
469 timing idealTree:node_modules/@babel/plugin-transform-react-jsx-source Completed in 0ms
470 timing idealTree:node_modules/@babel/template Completed in 0ms
471 silly placeDep ROOT @babel/helper-globals@7.28.0 OK for: @babel/traverse@7.29.0 want: ^7.28.0
472 timing idealTree:node_modules/@babel/traverse Completed in 0ms
473 timing idealTree:node_modules/@babel/helper-globals Completed in 0ms
474 silly placeDep ROOT @babel/helper-string-parser@7.27.1 OK for: @babel/types@7.29.0 want: ^7.27.1
475 timing idealTree:node_modules/@babel/types Completed in 0ms
476 timing idealTree:node_modules/@babel/helper-string-parser Completed in 0ms
477 silly placeDep ROOT @jridgewell/sourcemap-codec@1.5.5 OK for: @jridgewell/gen-mapping@0.3.13 want: ^1.5.0
478 timing idealTree:node_modules/@jridgewell/gen-mapping Completed in 1ms
479 timing idealTree:node_modules/@jridgewell/remapping Completed in 0ms
480 timing idealTree:node_modules/@jridgewell/sourcemap-codec Completed in 0ms
481 silly placeDep ROOT @jridgewell/resolve-uri@3.1.2 OK for: @jridgewell/trace-mapping@0.3.31 want: ^3.1.0
482 timing idealTree:node_modules/@jridgewell/trace-mapping Completed in 1ms
483 timing idealTree:node_modules/@jridgewell/resolve-uri Completed in 0ms
484 timing idealTree:node_modules/@rolldown/pluginutils Completed in 0ms
485 silly placeDep ROOT @types/babel__generator@7.27.0 OK for: @types/babel__core@7.20.5 want: *
486 silly placeDep ROOT @types/babel__template@7.4.4 OK for: @types/babel__core@7.20.5 want: *
487 silly placeDep ROOT @types/babel__traverse@7.28.0 OK for: @types/babel__core@7.20.5 want: *
488 timing idealTree:node_modules/@types/babel__core Completed in 1ms
489 timing idealTree:node_modules/@types/babel__generator Completed in 0ms
490 timing idealTree:node_modules/@types/babel__template Completed in 0ms
491 timing idealTree:node_modules/@types/babel__traverse Completed in 0ms
492 silly placeDep ROOT caniuse-lite@1.0.30001782 OK for: autoprefixer@10.4.27 want: ^1.0.30001774
493 silly placeDep ROOT fraction.js@5.3.4 OK for: autoprefixer@10.4.27 want: ^5.3.4
494 silly placeDep ROOT postcss-value-parser@4.2.0 OK for: autoprefixer@10.4.27 want: ^4.2.0
495 timing idealTree:node_modules/autoprefixer Completed in 1ms
496 silly fetch manifest browserslist@>= 4.21.0
497 silly placeDep ROOT baseline-browser-mapping@2.10.12 OK for: browserslist@4.28.1 want: ^2.9.0
498 silly placeDep ROOT electron-to-chromium@1.5.328 OK for: browserslist@4.28.1 want: ^1.5.263
499 silly placeDep ROOT node-releases@2.0.36 OK for: browserslist@4.28.1 want: ^2.0.27
500 silly placeDep ROOT update-browserslist-db@1.2.3 OK for: browserslist@4.28.1 want: ^1.2.0
501 silly fetch manifest escalade@^3.2.0
502 http fetch GET 200 https://registry.npmjs.org/escalade 30ms (cache miss)
503 timing idealTree:node_modules/browserslist Completed in 32ms
504 timing idealTree:node_modules/baseline-browser-mapping Completed in 0ms
505 timing idealTree:node_modules/caniuse-lite Completed in 0ms
506 timing idealTree:node_modules/convert-source-map Completed in 0ms
507 timing idealTree:node_modules/csstype Completed in 0ms
508 silly placeDep ROOT ms@2.1.3 OK for: debug@4.4.3 want: ^2.1.3
509 timing idealTree:node_modules/debug Completed in 1ms
510 timing idealTree:node_modules/electron-to-chromium Completed in 0ms
511 silly placeDep ROOT @eslint/eslintrc@2.1.4 OK for: eslint@8.57.1 want: ^2.1.4
512 silly placeDep ROOT @eslint/js@8.57.1 OK for: eslint@8.57.1 want: 8.57.1
513 silly placeDep ROOT @humanwhocodes/config-array@0.13.0 OK for: eslint@8.57.1 want: ^0.13.0
514 silly placeDep ROOT @humanwhocodes/module-importer@1.0.1 OK for: eslint@8.57.1 want: ^1.0.1
515 silly placeDep ROOT @nodelib/fs.walk@1.2.8 OK for: eslint@8.57.1 want: ^1.2.8
516 silly placeDep ROOT @ungap/structured-clone@1.3.0 OK for: eslint@8.57.1 want: ^1.2.0
517 silly placeDep ROOT ajv@6.14.0 OK for: eslint@8.57.1 want: ^6.12.4
518 silly placeDep ROOT chalk@4.1.2 OK for: eslint@8.57.1 want: ^4.0.0
519 silly placeDep ROOT cross-spawn@7.0.6 OK for: eslint@8.57.1 want: ^7.0.2
520 silly placeDep ROOT doctrine@3.0.0 OK for: eslint@8.57.1 want: ^3.0.0
521 silly placeDep ROOT escape-string-regexp@4.0.0 OK for: eslint@8.57.1 want: ^4.0.0
522 silly placeDep ROOT eslint-scope@7.2.2 OK for: eslint@8.57.1 want: ^7.2.2
523 silly placeDep ROOT espree@9.6.1 OK for: eslint@8.57.1 want: ^9.6.1
524 silly placeDep ROOT esquery@1.7.0 OK for: eslint@8.57.1 want: ^1.4.2
525 silly placeDep ROOT esutils@2.0.3 OK for: eslint@8.57.1 want: ^2.0.2
526 silly placeDep ROOT fast-deep-equal@3.1.3 OK for: eslint@8.57.1 want: ^3.1.3
527 silly placeDep ROOT file-entry-cache@6.0.1 OK for: eslint@8.57.1 want: ^6.0.1
528 silly placeDep ROOT find-up@5.0.0 OK for: eslint@8.57.1 want: ^5.0.0
529 silly placeDep ROOT glob-parent@6.0.2 OK for: eslint@8.57.1 want: ^6.0.2
530 silly placeDep ROOT globals@13.24.0 OK for: eslint@8.57.1 want: ^13.19.0
531 silly placeDep ROOT imurmurhash@0.1.4 OK for: eslint@8.57.1 want: ^0.1.4
532 silly placeDep ROOT is-path-inside@3.0.3 OK for: eslint@8.57.1 want: ^3.0.3
533 silly placeDep ROOT js-yaml@4.1.1 OK for: eslint@8.57.1 want: ^4.1.0
534 silly placeDep ROOT json-stable-stringify-without-jsonify@1.0.1 OK for: eslint@8.57.1 want: ^1.0.1
535 silly placeDep ROOT levn@0.4.1 OK for: eslint@8.57.1 want: ^0.4.1
536 silly placeDep ROOT lodash.merge@4.6.2 OK for: eslint@8.57.1 want: ^4.6.2
537 silly placeDep node_modules/eslint minimatch@3.1.5 OK for: eslint@8.57.1 want: ^3.1.2
538 silly placeDep ROOT optionator@0.9.4 OK for: eslint@8.57.1 want: ^0.9.3
539 silly placeDep ROOT strip-ansi@6.0.1 OK for: eslint@8.57.1 want: ^6.0.1
540 silly placeDep ROOT text-table@0.2.0 OK for: eslint@8.57.1 want: ^0.2.0
541 silly fetch manifest import-fresh@^3.2.1
542 silly fetch manifest strip-json-comments@^3.1.1
543 silly fetch manifest minimatch@^3.0.5
544 silly fetch manifest @humanwhocodes/object-schema@^2.0.3
545 silly fetch manifest fastq@^1.6.0
546 silly fetch manifest @nodelib/fs.scandir@2.1.5
547 silly fetch manifest fast-json-stable-stringify@^2.0.0
548 silly fetch manifest json-schema-traverse@^0.4.1
549 silly fetch manifest uri-js@^4.2.2
550 silly fetch manifest ansi-styles@^4.1.0
551 silly fetch manifest supports-color@^7.1.0
552 silly fetch manifest which@^2.0.1
553 silly fetch manifest path-key@^3.1.0
554 silly fetch manifest shebang-command@^2.0.0
555 silly fetch manifest esrecurse@^4.3.0
556 silly fetch manifest estraverse@^5.2.0
557 silly fetch manifest acorn@^8.9.0
558 silly fetch manifest acorn-jsx@^5.3.2
559 silly fetch manifest estraverse@^5.1.0
560 silly fetch manifest flat-cache@^3.0.4
561 silly fetch manifest locate-path@^6.0.0
562 silly fetch manifest path-exists@^4.0.0
563 silly fetch manifest type-fest@^0.20.2
564 silly fetch manifest argparse@^2.0.1
565 silly fetch manifest prelude-ls@^1.2.1
566 silly fetch manifest type-check@~0.4.0
567 silly fetch manifest brace-expansion@^1.1.7
568 silly fetch manifest deep-is@^0.1.3
569 silly fetch manifest word-wrap@^1.2.5
570 silly fetch manifest type-check@^0.4.0
571 silly fetch manifest fast-levenshtein@^2.0.6
572 silly fetch manifest ansi-regex@^5.0.1
573 http fetch GET 200 https://registry.npmjs.org/ansi-styles 37ms (cache miss)
574 http fetch GET 200 https://registry.npmjs.org/fastq 40ms (cache miss)
575 http fetch GET 200 https://registry.npmjs.org/path-key 41ms (cache miss)
576 http fetch GET 200 https://registry.npmjs.org/strip-json-comments 45ms (cache miss)
577 http fetch GET 200 https://registry.npmjs.org/estraverse 42ms (cache miss)
578 http fetch GET 200 https://registry.npmjs.org/supports-color 43ms (cache miss)
579 http fetch GET 200 https://registry.npmjs.org/esrecurse 43ms (cache miss)
580 http fetch GET 200 https://registry.npmjs.org/json-schema-traverse 44ms (cache miss)
581 http fetch GET 200 https://registry.npmjs.org/uri-js 45ms (cache miss)
582 http fetch GET 200 https://registry.npmjs.org/which 45ms (cache miss)
583 http fetch GET 200 https://registry.npmjs.org/fast-json-stable-stringify 47ms (cache miss)
584 http fetch GET 200 https://registry.npmjs.org/import-fresh 49ms (cache miss)
585 http fetch GET 200 https://registry.npmjs.org/shebang-command 46ms (cache miss)
586 http fetch GET 200 https://registry.npmjs.org/acorn-jsx 59ms (cache miss)
587 http fetch GET 200 https://registry.npmjs.org/acorn 60ms (cache miss)
588 http fetch GET 200 https://registry.npmjs.org/estraverse 61ms (cache miss)
589 http fetch GET 200 https://registry.npmjs.org/deep-is 63ms (cache miss)
590 http fetch GET 200 https://registry.npmjs.org/locate-path 64ms (cache miss)
591 http fetch GET 200 https://registry.npmjs.org/argparse 64ms (cache miss)
592 http fetch GET 200 https://registry.npmjs.org/flat-cache 65ms (cache miss)
593 http fetch GET 200 https://registry.npmjs.org/type-check 65ms (cache miss)
594 http fetch GET 200 https://registry.npmjs.org/path-exists 67ms (cache miss)
595 http fetch GET 200 https://registry.npmjs.org/word-wrap 66ms (cache miss)
596 http fetch GET 200 https://registry.npmjs.org/type-check 71ms (cache miss)
597 http fetch GET 200 https://registry.npmjs.org/prelude-ls 72ms (cache miss)
598 http fetch GET 200 https://registry.npmjs.org/type-fest 76ms (cache miss)
599 http fetch GET 200 https://registry.npmjs.org/ansi-regex 84ms (cache miss)
600 http fetch GET 200 https://registry.npmjs.org/fast-levenshtein 93ms (cache miss)
601 http fetch GET 200 https://registry.npmjs.org/@nodelib%2ffs.scandir 207ms (cache miss)
602 http fetch GET 200 https://registry.npmjs.org/@humanwhocodes%2fobject-schema 209ms (cache miss)
603 timing idealTree:node_modules/eslint Completed in 226ms
604 silly placeDep ROOT import-fresh@3.3.1 OK for: @eslint/eslintrc@2.1.4 want: ^3.2.1
605 silly placeDep node_modules/@eslint/eslintrc minimatch@3.1.5 OK for: @eslint/eslintrc@2.1.4 want: ^3.1.2
606 silly placeDep ROOT strip-json-comments@3.1.1 OK for: @eslint/eslintrc@2.1.4 want: ^3.1.1
607 silly fetch manifest resolve-from@^4.0.0
608 silly fetch manifest parent-module@^1.0.0
609 http fetch GET 200 https://registry.npmjs.org/resolve-from 32ms (cache miss)
610 http fetch GET 200 https://registry.npmjs.org/parent-module 31ms (cache miss)
611 timing idealTree:node_modules/@eslint/eslintrc Completed in 34ms
612 timing idealTree:node_modules/@eslint/js Completed in 0ms
613 silly placeDep ROOT @humanwhocodes/object-schema@2.0.3 OK for: @humanwhocodes/config-array@0.13.0 want: ^2.0.3
614 silly placeDep node_modules/@humanwhocodes/config-array minimatch@3.1.5 OK for: @humanwhocodes/config-array@0.13.0 want: ^3.0.5
615 timing idealTree:node_modules/@humanwhocodes/config-array Completed in 1ms
616 timing idealTree:node_modules/@humanwhocodes/module-importer Completed in 0ms
617 timing idealTree:node_modules/@humanwhocodes/object-schema Completed in 0ms
618 silly placeDep ROOT @nodelib/fs.scandir@2.1.5 OK for: @nodelib/fs.walk@1.2.8 want: 2.1.5
619 silly placeDep ROOT fastq@1.20.1 OK for: @nodelib/fs.walk@1.2.8 want: ^1.6.0
620 silly fetch manifest run-parallel@^1.1.9
621 silly fetch manifest @nodelib/fs.stat@2.0.5
622 silly fetch manifest reusify@^1.0.4
623 http fetch GET 200 https://registry.npmjs.org/reusify 26ms (cache miss)
624 http fetch GET 200 https://registry.npmjs.org/run-parallel 36ms (cache miss)
625 http fetch GET 200 https://registry.npmjs.org/@nodelib%2ffs.stat 39ms (cache miss)
626 timing idealTree:node_modules/@nodelib/fs.walk Completed in 40ms
627 silly placeDep ROOT @nodelib/fs.stat@2.0.5 OK for: @nodelib/fs.scandir@2.1.5 want: 2.0.5
628 silly placeDep ROOT run-parallel@1.2.0 OK for: @nodelib/fs.scandir@2.1.5 want: ^1.1.9
629 silly fetch manifest queue-microtask@^1.2.2
630 http fetch GET 200 https://registry.npmjs.org/queue-microtask 29ms (cache miss)
631 timing idealTree:node_modules/@nodelib/fs.scandir Completed in 30ms
632 timing idealTree:node_modules/@nodelib/fs.stat Completed in 0ms
633 timing idealTree:node_modules/@ungap/structured-clone Completed in 0ms
634 silly placeDep ROOT fast-json-stable-stringify@2.1.0 OK for: ajv@6.14.0 want: ^2.0.0
635 silly placeDep ROOT json-schema-traverse@0.4.1 OK for: ajv@6.14.0 want: ^0.4.1
636 silly placeDep ROOT uri-js@4.4.1 OK for: ajv@6.14.0 want: ^4.2.2
637 silly fetch manifest punycode@^2.1.0
638 http fetch GET 200 https://registry.npmjs.org/punycode 88ms (cache miss)
639 timing idealTree:node_modules/ajv Completed in 90ms
640 silly placeDep ROOT ansi-styles@4.3.0 OK for: chalk@4.1.2 want: ^4.1.0
641 silly placeDep ROOT supports-color@7.2.0 OK for: chalk@4.1.2 want: ^7.1.0
642 silly fetch manifest color-convert@^2.0.1
643 silly fetch manifest has-flag@^4.0.0
644 http fetch GET 200 https://registry.npmjs.org/color-convert 29ms (cache miss)
645 http fetch GET 200 https://registry.npmjs.org/has-flag 39ms (cache miss)
646 timing idealTree:node_modules/chalk Completed in 41ms
647 silly placeDep ROOT color-convert@2.0.1 OK for: ansi-styles@4.3.0 want: ^2.0.1
648 silly fetch manifest color-name@~1.1.4
649 http fetch GET 200 https://registry.npmjs.org/color-name 30ms (cache miss)
650 timing idealTree:node_modules/ansi-styles Completed in 32ms
651 silly placeDep ROOT color-name@1.1.4 OK for: color-convert@2.0.1 want: ~1.1.4
652 timing idealTree:node_modules/color-convert Completed in 0ms
653 timing idealTree:node_modules/color-name Completed in 0ms
654 silly placeDep ROOT path-key@3.1.1 OK for: cross-spawn@7.0.6 want: ^3.1.0
655 silly placeDep ROOT shebang-command@2.0.0 OK for: cross-spawn@7.0.6 want: ^2.0.0
656 silly placeDep ROOT which@2.0.2 OK for: cross-spawn@7.0.6 want: ^2.0.1
657 silly fetch manifest shebang-regex@^3.0.0
658 silly fetch manifest isexe@^2.0.0
659 http fetch GET 200 https://registry.npmjs.org/isexe 27ms (cache miss)
660 http fetch GET 200 https://registry.npmjs.org/shebang-regex 30ms (cache miss)
661 timing idealTree:node_modules/cross-spawn Completed in 31ms
662 timing idealTree:node_modules/doctrine Completed in 0ms
663 timing idealTree:node_modules/escape-string-regexp Completed in 0ms
664 timing idealTree:node_modules/eslint-plugin-react-hooks Completed in 0ms
665 timing idealTree:node_modules/eslint-plugin-react-refresh Completed in 0ms
666 silly placeDep ROOT esrecurse@4.3.0 OK for: eslint-scope@7.2.2 want: ^4.3.0
667 silly placeDep ROOT estraverse@5.3.0 OK for: eslint-scope@7.2.2 want: ^5.2.0
668 timing idealTree:node_modules/eslint-scope Completed in 1ms
669 timing idealTree:node_modules/eslint-visitor-keys Completed in 0ms
670 silly placeDep ROOT acorn@8.16.0 OK for: espree@9.6.1 want: ^8.9.0
671 silly placeDep ROOT acorn-jsx@5.3.2 OK for: espree@9.6.1 want: ^5.3.2
672 timing idealTree:node_modules/espree Completed in 1ms
673 timing idealTree:node_modules/acorn Completed in 0ms
674 timing idealTree:node_modules/acorn-jsx Completed in 0ms
675 timing idealTree:node_modules/esquery Completed in 0ms
676 timing idealTree:node_modules/esrecurse Completed in 0ms
677 timing idealTree:node_modules/estraverse Completed in 0ms
678 timing idealTree:node_modules/esutils Completed in 0ms
679 timing idealTree:node_modules/fast-deep-equal Completed in 0ms
680 timing idealTree:node_modules/fast-json-stable-stringify Completed in 0ms
681 silly placeDep ROOT reusify@1.1.0 OK for: fastq@1.20.1 want: ^1.0.4
682 timing idealTree:node_modules/fastq Completed in 1ms
683 silly placeDep ROOT flat-cache@3.2.0 OK for: file-entry-cache@6.0.1 want: ^3.0.4
684 silly fetch manifest keyv@^4.5.3
685 silly fetch manifest rimraf@^3.0.2
686 silly fetch manifest flatted@^3.2.9
687 http fetch GET 200 https://registry.npmjs.org/flatted 30ms (cache miss)
688 http fetch GET 200 https://registry.npmjs.org/keyv 36ms (cache miss)
689 http fetch GET 200 https://registry.npmjs.org/rimraf 36ms (cache miss)
690 timing idealTree:node_modules/file-entry-cache Completed in 37ms
691 silly placeDep ROOT locate-path@6.0.0 OK for: find-up@5.0.0 want: ^6.0.0
692 silly placeDep ROOT path-exists@4.0.0 OK for: find-up@5.0.0 want: ^4.0.0
693 silly fetch manifest p-locate@^5.0.0
694 http fetch GET 200 https://registry.npmjs.org/p-locate 28ms (cache miss)
695 timing idealTree:node_modules/find-up Completed in 30ms
696 silly placeDep ROOT flatted@3.4.2 OK for: flat-cache@3.2.0 want: ^3.2.9
697 silly placeDep ROOT keyv@4.5.4 OK for: flat-cache@3.2.0 want: ^4.5.3
698 silly placeDep ROOT rimraf@3.0.2 OK for: flat-cache@3.2.0 want: ^3.0.2
699 silly fetch manifest json-buffer@3.0.1
700 silly fetch manifest glob@^7.1.3
701 http fetch GET 200 https://registry.npmjs.org/json-buffer 26ms (cache miss)
702 http fetch GET 200 https://registry.npmjs.org/glob 35ms (cache miss)
703 timing idealTree:node_modules/flat-cache Completed in 37ms
704 timing idealTree:node_modules/flatted Completed in 0ms
705 timing idealTree:node_modules/fraction.js Completed in 0ms
706 timing idealTree:node_modules/gensync Completed in 0ms
707 timing idealTree:node_modules/glob-parent Completed in 0ms
708 silly placeDep ROOT type-fest@0.20.2 OK for: globals@13.24.0 want: ^0.20.2
709 timing idealTree:node_modules/globals Completed in 0ms
710 silly placeDep ROOT array-union@2.1.0 OK for: globby@11.1.0 want: ^2.1.0
711 silly placeDep ROOT dir-glob@3.0.1 OK for: globby@11.1.0 want: ^3.0.1
712 silly placeDep ROOT fast-glob@3.3.3 OK for: globby@11.1.0 want: ^3.2.9
713 silly placeDep ROOT merge2@1.4.1 OK for: globby@11.1.0 want: ^1.4.1
714 silly placeDep ROOT slash@3.0.0 OK for: globby@11.1.0 want: ^3.0.0
715 silly fetch manifest path-type@^4.0.0
716 silly fetch manifest glob-parent@^5.1.2
717 http fetch GET 200 https://registry.npmjs.org/path-type 34ms (cache miss)
718 timing idealTree:node_modules/globby Completed in 37ms
719 timing idealTree:node_modules/array-union Completed in 0ms
720 silly placeDep ROOT path-type@4.0.0 OK for: dir-glob@3.0.1 want: ^4.0.0
721 timing idealTree:node_modules/dir-glob Completed in 1ms
722 silly placeDep node_modules/fast-glob glob-parent@5.1.2 OK for: fast-glob@3.3.3 want: ^5.1.2
723 silly placeDep ROOT micromatch@4.0.8 OK for: fast-glob@3.3.3 want: ^4.0.8
724 silly fetch manifest braces@^3.0.3
725 silly fetch manifest picomatch@^2.3.1
726 http fetch GET 200 https://registry.npmjs.org/braces 31ms (cache miss)
727 http fetch GET 200 https://registry.npmjs.org/picomatch 31ms (cache miss)
728 timing idealTree:node_modules/fast-glob Completed in 32ms
729 timing idealTree:node_modules/graphemer Completed in 0ms
730 timing idealTree:node_modules/ignore Completed in 0ms
731 silly placeDep ROOT parent-module@1.0.1 OK for: import-fresh@3.3.1 want: ^1.0.0
732 silly placeDep ROOT resolve-from@4.0.0 OK for: import-fresh@3.3.1 want: ^4.0.0
733 silly fetch manifest callsites@^3.0.0
734 http fetch GET 200 https://registry.npmjs.org/callsites 31ms (cache miss)
735 timing idealTree:node_modules/import-fresh Completed in 33ms
736 timing idealTree:node_modules/imurmurhash Completed in 0ms
737 silly placeDep ROOT is-extglob@2.1.1 OK for: is-glob@4.0.3 want: ^2.1.1
738 timing idealTree:node_modules/is-glob Completed in 0ms
739 timing idealTree:node_modules/is-extglob Completed in 0ms
740 timing idealTree:node_modules/is-path-inside Completed in 0ms
741 timing idealTree:node_modules/js-tokens Completed in 0ms
742 silly placeDep ROOT argparse@2.0.1 OK for: js-yaml@4.1.1 want: ^2.0.1
743 timing idealTree:node_modules/js-yaml Completed in 1ms
744 timing idealTree:node_modules/argparse Completed in 0ms
745 timing idealTree:node_modules/jsesc Completed in 0ms
746 timing idealTree:node_modules/json-schema-traverse Completed in 0ms
747 timing idealTree:node_modules/json-stable-stringify-without-jsonify Completed in 0ms
748 timing idealTree:node_modules/json5 Completed in 0ms
749 silly placeDep ROOT json-buffer@3.0.1 OK for: keyv@4.5.4 want: 3.0.1
750 timing idealTree:node_modules/keyv Completed in 0ms
751 timing idealTree:node_modules/json-buffer Completed in 0ms
752 silly placeDep ROOT prelude-ls@1.2.1 OK for: levn@0.4.1 want: ^1.2.1
753 silly placeDep ROOT type-check@0.4.0 OK for: levn@0.4.1 want: ~0.4.0
754 timing idealTree:node_modules/levn Completed in 1ms
755 silly placeDep ROOT p-locate@5.0.0 OK for: locate-path@6.0.0 want: ^5.0.0
756 silly fetch manifest p-limit@^3.0.2
757 http fetch GET 200 https://registry.npmjs.org/p-limit 31ms (cache miss)
758 timing idealTree:node_modules/locate-path Completed in 32ms
759 timing idealTree:node_modules/lodash.merge Completed in 0ms
760 silly placeDep ROOT yallist@3.1.1 OK for: lru-cache@5.1.1 want: ^3.0.2
761 timing idealTree:node_modules/lru-cache Completed in 0ms
762 timing idealTree:node_modules/merge2 Completed in 0ms
763 silly placeDep ROOT braces@3.0.3 OK for: micromatch@4.0.8 want: ^3.0.3
764 silly placeDep ROOT picomatch@2.3.2 OK for: micromatch@4.0.8 want: ^2.3.1
765 silly fetch manifest fill-range@^7.1.1
766 http fetch GET 200 https://registry.npmjs.org/fill-range 28ms (cache miss)
767 timing idealTree:node_modules/micromatch Completed in 29ms
768 silly placeDep ROOT fill-range@7.1.1 OK for: braces@3.0.3 want: ^7.1.1
769 silly fetch manifest to-regex-range@^5.0.1
770 http fetch GET 200 https://registry.npmjs.org/to-regex-range 30ms (cache miss)
771 timing idealTree:node_modules/braces Completed in 32ms
772 silly placeDep ROOT to-regex-range@5.0.1 OK for: fill-range@7.1.1 want: ^5.0.1
773 silly fetch manifest is-number@^7.0.0
774 http fetch GET 200 https://registry.npmjs.org/is-number 43ms (cache miss)
775 timing idealTree:node_modules/fill-range Completed in 43ms
776 silly placeDep ROOT brace-expansion@2.0.3 OK for: minimatch@9.0.3 want: ^2.0.1
777 silly fetch manifest balanced-match@^1.0.0
778 http fetch GET 200 https://registry.npmjs.org/balanced-match 99ms (cache miss)
779 timing idealTree:node_modules/minimatch Completed in 100ms
780 silly placeDep ROOT balanced-match@1.0.2 OK for: brace-expansion@2.0.3 want: ^1.0.0
781 timing idealTree:node_modules/brace-expansion Completed in 1ms
782 timing idealTree:node_modules/balanced-match Completed in 0ms
783 timing idealTree:node_modules/ms Completed in 0ms
784 timing idealTree:node_modules/natural-compare Completed in 0ms
785 timing idealTree:node_modules/node-releases Completed in 0ms
786 silly placeDep ROOT deep-is@0.1.4 OK for: optionator@0.9.4 want: ^0.1.3
787 silly placeDep ROOT fast-levenshtein@2.0.6 OK for: optionator@0.9.4 want: ^2.0.6
788 silly placeDep ROOT word-wrap@1.2.5 OK for: optionator@0.9.4 want: ^1.2.5
789 timing idealTree:node_modules/optionator Completed in 1ms
790 timing idealTree:node_modules/deep-is Completed in 0ms
791 timing idealTree:node_modules/fast-levenshtein Completed in 0ms
792 silly placeDep ROOT p-limit@3.1.0 OK for: p-locate@5.0.0 want: ^3.0.2
793 silly fetch manifest yocto-queue@^0.1.0
794 http fetch GET 200 https://registry.npmjs.org/yocto-queue 34ms (cache miss)
795 timing idealTree:node_modules/p-locate Completed in 35ms
796 silly placeDep ROOT yocto-queue@0.1.0 OK for: p-limit@3.1.0 want: ^0.1.0
797 timing idealTree:node_modules/p-limit Completed in 1ms
798 silly placeDep ROOT callsites@3.1.0 OK for: parent-module@1.0.1 want: ^3.0.0
799 timing idealTree:node_modules/parent-module Completed in 1ms
800 timing idealTree:node_modules/callsites Completed in 0ms
801 timing idealTree:node_modules/path-exists Completed in 0ms
802 timing idealTree:node_modules/path-key Completed in 0ms
803 timing idealTree:node_modules/path-type Completed in 0ms
804 timing idealTree:node_modules/picocolors Completed in 0ms
805 timing idealTree:node_modules/picomatch Completed in 0ms
806 silly placeDep ROOT nanoid@3.3.11 OK for: postcss@8.5.8 want: ^3.3.11
807 silly placeDep ROOT source-map-js@1.2.1 OK for: postcss@8.5.8 want: ^1.2.1
808 timing idealTree:node_modules/postcss Completed in 0ms
809 timing idealTree:node_modules/nanoid Completed in 0ms
810 timing idealTree:node_modules/postcss-value-parser Completed in 0ms
811 timing idealTree:node_modules/prelude-ls Completed in 0ms
812 silly placeDep ROOT loose-envify@1.4.0 OK for: react@18.3.1 want: ^1.1.0
813 timing idealTree:node_modules/react Completed in 0ms
814 timing idealTree:node_modules/loose-envify Completed in 0ms
815 silly placeDep ROOT scheduler@0.23.2 OK for: react-dom@18.3.1 want: ^0.23.2
816 timing idealTree:node_modules/react-dom Completed in 0ms
817 timing idealTree:node_modules/react-refresh Completed in 0ms
818 timing idealTree:node_modules/resolve-from Completed in 0ms
819 timing idealTree:node_modules/reusify Completed in 0ms
820 silly placeDep ROOT glob@7.2.3 OK for: rimraf@3.0.2 want: ^7.1.3
821 silly fetch manifest once@^1.3.0
822 silly fetch manifest inflight@^1.0.4
823 silly fetch manifest inherits@2
824 silly fetch manifest minimatch@^3.1.1
825 silly fetch manifest fs.realpath@^1.0.0
826 silly fetch manifest path-is-absolute@^1.0.0
827 http fetch GET 200 https://registry.npmjs.org/fs.realpath 28ms (cache miss)
828 http fetch GET 200 https://registry.npmjs.org/path-is-absolute 33ms (cache miss)
829 http fetch GET 200 https://registry.npmjs.org/inflight 33ms (cache miss)
830 http fetch GET 200 https://registry.npmjs.org/inherits 33ms (cache miss)
831 http fetch GET 200 https://registry.npmjs.org/once 35ms (cache miss)
832 timing idealTree:node_modules/rimraf Completed in 35ms
833 silly placeDep ROOT fs.realpath@1.0.0 OK for: glob@7.2.3 want: ^1.0.0
834 silly placeDep ROOT inflight@1.0.6 OK for: glob@7.2.3 want: ^1.0.4
835 silly placeDep ROOT inherits@2.0.4 OK for: glob@7.2.3 want: 2
836 silly placeDep node_modules/glob minimatch@3.1.5 OK for: glob@7.2.3 want: ^3.1.1
837 silly placeDep ROOT once@1.4.0 OK for: glob@7.2.3 want: ^1.3.0
838 silly placeDep ROOT path-is-absolute@1.0.1 OK for: glob@7.2.3 want: ^1.0.0
839 silly fetch manifest wrappy@1
840 http fetch GET 200 https://registry.npmjs.org/wrappy 34ms (cache miss)
841 timing idealTree:node_modules/glob Completed in 37ms
842 timing idealTree:node_modules/fs.realpath Completed in 0ms
843 silly placeDep ROOT wrappy@1.0.2 OK for: inflight@1.0.6 want: 1
844 timing idealTree:node_modules/inflight Completed in 1ms
845 timing idealTree:node_modules/inherits Completed in 0ms
846 timing idealTree:node_modules/once Completed in 0ms
847 timing idealTree:node_modules/path-is-absolute Completed in 0ms
848 silly placeDep ROOT queue-microtask@1.2.3 OK for: run-parallel@1.2.0 want: ^1.2.2
849 timing idealTree:node_modules/run-parallel Completed in 0ms
850 timing idealTree:node_modules/queue-microtask Completed in 0ms
851 timing idealTree:node_modules/scheduler Completed in 0ms
852 timing idealTree:node_modules/semver Completed in 0ms
853 silly placeDep ROOT shebang-regex@3.0.0 OK for: shebang-command@2.0.0 want: ^3.0.0
854 timing idealTree:node_modules/shebang-command Completed in 1ms
855 timing idealTree:node_modules/shebang-regex Completed in 0ms
856 timing idealTree:node_modules/slash Completed in 0ms
857 timing idealTree:node_modules/source-map-js Completed in 0ms
858 silly placeDep ROOT ansi-regex@5.0.1 OK for: strip-ansi@6.0.1 want: ^5.0.1
859 timing idealTree:node_modules/strip-ansi Completed in 0ms
860 timing idealTree:node_modules/ansi-regex Completed in 0ms
861 timing idealTree:node_modules/strip-json-comments Completed in 0ms
862 silly placeDep ROOT has-flag@4.0.0 OK for: supports-color@7.2.0 want: ^4.0.0
863 timing idealTree:node_modules/supports-color Completed in 0ms
864 timing idealTree:node_modules/has-flag Completed in 0ms
865 silly fetch manifest postcss@^8.4.47
866 silly fetch manifest tsx@^4.8.1
867 http fetch GET 200 https://registry.npmjs.org/tsx 40ms (cache miss)
868 silly fetch manifest yaml@^2.4.2
869 http fetch GET 200 https://registry.npmjs.org/yaml 40ms (cache miss)
870 silly placeDep ROOT @alloc/quick-lru@5.2.0 OK for: tailwindcss@3.4.19 want: ^5.2.0
871 silly placeDep ROOT arg@5.0.2 OK for: tailwindcss@3.4.19 want: ^5.0.2
872 silly placeDep ROOT chokidar@3.6.0 OK for: tailwindcss@3.4.19 want: ^3.6.0
873 silly placeDep ROOT didyoumean@1.2.2 OK for: tailwindcss@3.4.19 want: ^1.2.2
874 silly placeDep ROOT dlv@1.1.3 OK for: tailwindcss@3.4.19 want: ^1.1.3
875 silly placeDep ROOT jiti@1.21.7 OK for: tailwindcss@3.4.19 want: ^1.21.7
876 silly placeDep ROOT lilconfig@3.1.3 OK for: tailwindcss@3.4.19 want: ^3.1.3
877 silly placeDep ROOT normalize-path@3.0.0 OK for: tailwindcss@3.4.19 want: ^3.0.0
878 silly placeDep ROOT object-hash@3.0.0 OK for: tailwindcss@3.4.19 want: ^3.0.0
879 silly placeDep ROOT postcss-import@15.1.0 OK for: tailwindcss@3.4.19 want: ^15.1.0
880 silly placeDep ROOT postcss-js@4.1.0 OK for: tailwindcss@3.4.19 want: ^4.0.1
881 silly placeDep ROOT postcss-load-config@6.0.1 OK for: tailwindcss@3.4.19 want: ^4.0.2 || ^5.0 || ^6.0
882 silly placeDep ROOT postcss-nested@6.2.0 OK for: tailwindcss@3.4.19 want: ^6.2.0
883 silly placeDep ROOT postcss-selector-parser@6.1.2 OK for: tailwindcss@3.4.19 want: ^6.1.2
884 silly placeDep ROOT resolve@1.22.11 OK for: tailwindcss@3.4.19 want: ^1.22.8
885 silly placeDep ROOT sucrase@3.35.1 OK for: tailwindcss@3.4.19 want: ^3.35.0
886 silly fetch manifest anymatch@~3.1.2
887 silly fetch manifest readdirp@~3.6.0
888 silly fetch manifest glob-parent@~5.1.2
889 silly fetch manifest is-binary-path@~2.1.0
890 silly fetch manifest fsevents@~2.3.2
891 silly fetch manifest read-cache@^1.0.0
892 silly fetch manifest camelcase-css@^2.0.1
893 silly fetch manifest cssesc@^3.0.0
894 silly fetch manifest util-deprecate@^1.0.2
895 silly fetch manifest path-parse@^1.0.7
896 silly fetch manifest is-core-module@^2.16.1
897 silly fetch manifest supports-preserve-symlinks-flag@^1.0.0
898 silly fetch manifest commander@^4.0.0
899 silly fetch manifest lines-and-columns@^1.1.6
900 silly fetch manifest mz@^2.7.0
901 silly fetch manifest pirates@^4.0.1
902 silly fetch manifest tinyglobby@^0.2.11
903 silly fetch manifest ts-interface-checker@^0.1.9
904 http fetch GET 200 https://registry.npmjs.org/mz 38ms (cache miss)
905 http fetch GET 200 https://registry.npmjs.org/supports-preserve-symlinks-flag 41ms (cache miss)
906 http fetch GET 200 https://registry.npmjs.org/readdirp 45ms (cache miss)
907 http fetch GET 200 https://registry.npmjs.org/is-core-module 44ms (cache miss)
908 http fetch GET 200 https://registry.npmjs.org/util-deprecate 47ms (cache miss)
909 http fetch GET 200 https://registry.npmjs.org/tinyglobby 44ms (cache miss)
910 http fetch GET 200 https://registry.npmjs.org/is-binary-path 48ms (cache miss)
911 http fetch GET 200 https://registry.npmjs.org/path-parse 47ms (cache miss)
912 http fetch GET 200 https://registry.npmjs.org/commander 46ms (cache miss)
913 http fetch GET 200 https://registry.npmjs.org/anymatch 49ms (cache miss)
914 http fetch GET 200 https://registry.npmjs.org/camelcase-css 49ms (cache miss)
915 http fetch GET 200 https://registry.npmjs.org/pirates 46ms (cache miss)
916 http fetch GET 200 https://registry.npmjs.org/cssesc 49ms (cache miss)
917 http fetch GET 200 https://registry.npmjs.org/lines-and-columns 47ms (cache miss)
918 http fetch GET 200 https://registry.npmjs.org/read-cache 50ms (cache miss)
919 http fetch GET 200 https://registry.npmjs.org/ts-interface-checker 58ms (cache miss)
920 timing idealTree:node_modules/tailwindcss Completed in 156ms
921 timing idealTree:node_modules/@alloc/quick-lru Completed in 0ms
922 timing idealTree:node_modules/arg Completed in 0ms
923 silly placeDep ROOT anymatch@3.1.3 OK for: chokidar@3.6.0 want: ~3.1.2
924 silly placeDep ROOT fsevents@2.3.3 OK for: chokidar@3.6.0 want: ~2.3.2
925 silly placeDep node_modules/chokidar glob-parent@5.1.2 OK for: chokidar@3.6.0 want: ~5.1.2
926 silly placeDep ROOT is-binary-path@2.1.0 OK for: chokidar@3.6.0 want: ~2.1.0
927 silly placeDep ROOT readdirp@3.6.0 OK for: chokidar@3.6.0 want: ~3.6.0
928 silly fetch manifest binary-extensions@^2.0.0
929 http fetch GET 200 https://registry.npmjs.org/binary-extensions 30ms (cache miss)
930 timing idealTree:node_modules/chokidar Completed in 32ms
931 timing idealTree:node_modules/anymatch Completed in 0ms
932 timing idealTree:node_modules/didyoumean Completed in 0ms
933 timing idealTree:node_modules/dlv Completed in 0ms
934 timing idealTree:node_modules/fsevents Completed in 0ms
935 silly placeDep ROOT binary-extensions@2.3.0 OK for: is-binary-path@2.1.0 want: ^2.0.0
936 timing idealTree:node_modules/is-binary-path Completed in 1ms
937 timing idealTree:node_modules/binary-extensions Completed in 0ms
938 timing idealTree:node_modules/jiti Completed in 0ms
939 timing idealTree:node_modules/lilconfig Completed in 0ms
940 timing idealTree:node_modules/normalize-path Completed in 0ms
941 timing idealTree:node_modules/object-hash Completed in 0ms
942 silly placeDep ROOT read-cache@1.0.0 OK for: postcss-import@15.1.0 want: ^1.0.0
943 silly fetch manifest pify@^2.3.0
944 http fetch GET 200 https://registry.npmjs.org/pify 27ms (cache miss)
945 timing idealTree:node_modules/postcss-import Completed in 27ms
946 silly placeDep ROOT camelcase-css@2.0.1 OK for: postcss-js@4.1.0 want: ^2.0.1
947 timing idealTree:node_modules/postcss-js Completed in 1ms
948 timing idealTree:node_modules/camelcase-css Completed in 0ms
949 timing idealTree:node_modules/postcss-load-config Completed in 0ms
950 timing idealTree:node_modules/postcss-nested Completed in 0ms
951 silly placeDep ROOT cssesc@3.0.0 OK for: postcss-selector-parser@6.1.2 want: ^3.0.0
952 silly placeDep ROOT util-deprecate@1.0.2 OK for: postcss-selector-parser@6.1.2 want: ^1.0.2
953 timing idealTree:node_modules/postcss-selector-parser Completed in 0ms
954 timing idealTree:node_modules/cssesc Completed in 0ms
955 silly placeDep ROOT pify@2.3.0 OK for: read-cache@1.0.0 want: ^2.3.0
956 timing idealTree:node_modules/read-cache Completed in 1ms
957 timing idealTree:node_modules/pify Completed in 0ms
958 timing idealTree:node_modules/readdirp Completed in 0ms
959 silly placeDep ROOT is-core-module@2.16.1 OK for: resolve@1.22.11 want: ^2.16.1
960 silly placeDep ROOT path-parse@1.0.7 OK for: resolve@1.22.11 want: ^1.0.7
961 silly placeDep ROOT supports-preserve-symlinks-flag@1.0.0 OK for: resolve@1.22.11 want: ^1.0.0
962 silly fetch manifest hasown@^2.0.2
963 http fetch GET 200 https://registry.npmjs.org/hasown 25ms (cache miss)
964 timing idealTree:node_modules/resolve Completed in 26ms
965 silly placeDep ROOT hasown@2.0.2 OK for: is-core-module@2.16.1 want: ^2.0.2
966 silly fetch manifest function-bind@^1.1.2
967 http fetch GET 200 https://registry.npmjs.org/function-bind 27ms (cache miss)
968 timing idealTree:node_modules/is-core-module Completed in 28ms
969 silly placeDep ROOT function-bind@1.1.2 OK for: hasown@2.0.2 want: ^1.1.2
970 timing idealTree:node_modules/hasown Completed in 1ms
971 timing idealTree:node_modules/function-bind Completed in 0ms
972 timing idealTree:node_modules/path-parse Completed in 0ms
973 silly placeDep ROOT commander@4.1.1 OK for: sucrase@3.35.1 want: ^4.0.0
974 silly placeDep ROOT lines-and-columns@1.2.4 OK for: sucrase@3.35.1 want: ^1.1.6
975 silly placeDep ROOT mz@2.7.0 OK for: sucrase@3.35.1 want: ^2.7.0
976 silly placeDep ROOT pirates@4.0.7 OK for: sucrase@3.35.1 want: ^4.0.1
977 silly placeDep ROOT tinyglobby@0.2.15 OK for: sucrase@3.35.1 want: ^0.2.11
978 silly placeDep ROOT ts-interface-checker@0.1.13 OK for: sucrase@3.35.1 want: ^0.1.9
979 silly fetch manifest any-promise@^1.0.0
980 silly fetch manifest object-assign@^4.0.1
981 silly fetch manifest thenify-all@^1.0.0
982 silly fetch manifest fdir@^6.5.0
983 silly fetch manifest picomatch@^4.0.3
984 http fetch GET 200 https://registry.npmjs.org/thenify-all 31ms (cache miss)
985 http fetch GET 200 https://registry.npmjs.org/any-promise 31ms (cache miss)
986 http fetch GET 200 https://registry.npmjs.org/object-assign 34ms (cache miss)
987 http fetch GET 200 https://registry.npmjs.org/fdir 106ms (cache miss)
988 timing idealTree:node_modules/sucrase Completed in 109ms
989 timing idealTree:node_modules/commander Completed in 0ms
990 timing idealTree:node_modules/lines-and-columns Completed in 0ms
991 silly placeDep ROOT any-promise@1.3.0 OK for: mz@2.7.0 want: ^1.0.0
992 silly placeDep ROOT object-assign@4.1.1 OK for: mz@2.7.0 want: ^4.0.1
993 silly placeDep ROOT thenify-all@1.6.0 OK for: mz@2.7.0 want: ^1.0.0
994 silly fetch manifest thenify@>= 3.1.0 < 4
995 http fetch GET 200 https://registry.npmjs.org/thenify 30ms (cache miss)
996 timing idealTree:node_modules/mz Completed in 31ms
997 timing idealTree:node_modules/any-promise Completed in 0ms
998 timing idealTree:node_modules/object-assign Completed in 0ms
999 timing idealTree:node_modules/pirates Completed in 0ms
1000 timing idealTree:node_modules/supports-preserve-symlinks-flag Completed in 0ms
1001 timing idealTree:node_modules/text-table Completed in 0ms
1002 silly placeDep ROOT thenify@3.3.1 OK for: thenify-all@1.6.0 want: >= 3.1.0 < 4
1003 timing idealTree:node_modules/thenify-all Completed in 0ms
1004 timing idealTree:node_modules/thenify Completed in 0ms
1005 silly placeDep node_modules/tinyglobby fdir@6.5.0 OK for: tinyglobby@0.2.15 want: ^6.5.0
1006 silly placeDep node_modules/tinyglobby picomatch@4.0.4 OK for: fdir@6.5.0 want: ^3 || ^4
1007 timing idealTree:node_modules/tinyglobby Completed in 1ms
1008 silly placeDep ROOT is-number@7.0.0 OK for: to-regex-range@5.0.1 want: ^7.0.0
1009 timing idealTree:node_modules/to-regex-range Completed in 0ms
1010 timing idealTree:node_modules/is-number Completed in 0ms
1011 timing idealTree:node_modules/ts-api-utils Completed in 0ms
1012 timing idealTree:node_modules/ts-interface-checker Completed in 0ms
1013 timing idealTree:node_modules/type-check Completed in 0ms
1014 timing idealTree:node_modules/type-fest Completed in 0ms
1015 timing idealTree:node_modules/typescript Completed in 0ms
1016 silly placeDep ROOT escalade@3.2.0 OK for: update-browserslist-db@1.2.3 want: ^3.2.0
1017 timing idealTree:node_modules/update-browserslist-db Completed in 1ms
1018 timing idealTree:node_modules/escalade Completed in 0ms
1019 silly placeDep ROOT punycode@2.3.1 OK for: uri-js@4.4.1 want: ^2.1.0
1020 timing idealTree:node_modules/uri-js Completed in 0ms
1021 timing idealTree:node_modules/punycode Completed in 0ms
1022 timing idealTree:node_modules/util-deprecate Completed in 0ms
1023 silly placeDep ROOT esbuild@0.21.5 OK for: vite@5.4.21 want: ^0.21.3
1024 silly placeDep ROOT rollup@4.60.0 OK for: vite@5.4.21 want: ^4.20.0
1025 silly fetch manifest @esbuild/aix-ppc64@0.21.5
1026 silly fetch manifest @esbuild/linux-arm@0.21.5
1027 silly fetch manifest @esbuild/linux-x64@0.21.5
1028 silly fetch manifest @esbuild/sunos-x64@0.21.5
1029 silly fetch manifest @esbuild/win32-x64@0.21.5
1030 silly fetch manifest @esbuild/darwin-x64@0.21.5
1031 silly fetch manifest @esbuild/linux-ia32@0.21.5
1032 silly fetch manifest @esbuild/netbsd-x64@0.21.5
1033 silly fetch manifest @esbuild/win32-ia32@0.21.5
1034 silly fetch manifest @esbuild/android-arm@0.21.5
1035 silly fetch manifest @esbuild/android-x64@0.21.5
1036 silly fetch manifest @esbuild/freebsd-x64@0.21.5
1037 silly fetch manifest @esbuild/linux-arm64@0.21.5
1038 silly fetch manifest @esbuild/linux-ppc64@0.21.5
1039 silly fetch manifest @esbuild/linux-s390x@0.21.5
1040 silly fetch manifest @esbuild/openbsd-x64@0.21.5
1041 silly fetch manifest @esbuild/win32-arm64@0.21.5
1042 silly fetch manifest @esbuild/darwin-arm64@0.21.5
1043 silly fetch manifest @esbuild/android-arm64@0.21.5
1044 silly fetch manifest @esbuild/freebsd-arm64@0.21.5
1045 silly fetch manifest @esbuild/linux-loong64@0.21.5
1046 silly fetch manifest @esbuild/linux-riscv64@0.21.5
1047 silly fetch manifest @esbuild/linux-mips64el@0.21.5
1048 silly fetch manifest @types/estree@1.0.8
1049 silly fetch manifest @rollup/rollup-darwin-arm64@4.60.0
1050 silly fetch manifest @rollup/rollup-android-arm64@4.60.0
1051 silly fetch manifest @rollup/rollup-win32-arm64-msvc@4.60.0
1052 silly fetch manifest @rollup/rollup-freebsd-arm64@4.60.0
1053 silly fetch manifest @rollup/rollup-linux-arm64-gnu@4.60.0
1054 silly fetch manifest @rollup/rollup-linux-arm64-musl@4.60.0
1055 silly fetch manifest @rollup/rollup-android-arm-eabi@4.60.0
1056 silly fetch manifest @rollup/rollup-linux-arm-gnueabihf@4.60.0
1057 silly fetch manifest @rollup/rollup-linux-arm-musleabihf@4.60.0
1058 silly fetch manifest @rollup/rollup-win32-ia32-msvc@4.60.0
1059 silly fetch manifest @rollup/rollup-linux-loong64-gnu@4.60.0
1060 silly fetch manifest @rollup/rollup-linux-loong64-musl@4.60.0
1061 silly fetch manifest @rollup/rollup-linux-riscv64-gnu@4.60.0
1062 silly fetch manifest @rollup/rollup-linux-riscv64-musl@4.60.0
1063 silly fetch manifest @rollup/rollup-linux-ppc64-gnu@4.60.0
1064 silly fetch manifest @rollup/rollup-linux-ppc64-musl@4.60.0
1065 silly fetch manifest @rollup/rollup-linux-s390x-gnu@4.60.0
1066 silly fetch manifest @rollup/rollup-darwin-x64@4.60.0
1067 silly fetch manifest @rollup/rollup-win32-x64-gnu@4.60.0
1068 silly fetch manifest @rollup/rollup-win32-x64-msvc@4.60.0
1069 silly fetch manifest @rollup/rollup-freebsd-x64@4.60.0
1070 silly fetch manifest @rollup/rollup-linux-x64-gnu@4.60.0
1071 silly fetch manifest @rollup/rollup-linux-x64-musl@4.60.0
1072 silly fetch manifest @rollup/rollup-openbsd-x64@4.60.0
1073 silly fetch manifest @rollup/rollup-openharmony-arm64@4.60.0
1074 http fetch GET 200 https://registry.npmjs.org/@esbuild%2flinux-arm 59ms (cache miss)
1075 http fetch GET 200 https://registry.npmjs.org/@esbuild%2fdarwin-x64 65ms (cache miss)
1076 http fetch GET 200 https://registry.npmjs.org/@esbuild%2flinux-arm64 64ms (cache miss)
1077 http fetch GET 200 https://registry.npmjs.org/@esbuild%2flinux-s390x 65ms (cache miss)
1078 http fetch GET 200 https://registry.npmjs.org/@esbuild%2fandroid-arm 67ms (cache miss)
1079 http fetch GET 200 https://registry.npmjs.org/@esbuild%2flinux-x64 70ms (cache miss)
1080 http fetch GET 200 https://registry.npmjs.org/@esbuild%2fandroid-x64 68ms (cache miss)
1081 http fetch GET 200 https://registry.npmjs.org/@esbuild%2flinux-ia32 70ms (cache miss)
1082 http fetch GET 200 https://registry.npmjs.org/@esbuild%2faix-ppc64 71ms (cache miss)
1083 http fetch GET 200 https://registry.npmjs.org/@esbuild%2ffreebsd-x64 69ms (cache miss)
1084 http fetch GET 200 https://registry.npmjs.org/@esbuild%2flinux-ppc64 70ms (cache miss)
1085 http fetch GET 200 https://registry.npmjs.org/@esbuild%2fsunos-x64 72ms (cache miss)
1086 http fetch GET 200 https://registry.npmjs.org/@esbuild%2fwin32-ia32 73ms (cache miss)
1087 http fetch GET 200 https://registry.npmjs.org/@esbuild%2fwin32-x64 76ms (cache miss)
1088 http fetch GET 200 https://registry.npmjs.org/@esbuild%2fnetbsd-x64 87ms (cache miss)
1089 http fetch GET 200 https://registry.npmjs.org/@esbuild%2fdarwin-arm64 100ms (cache miss)
1090 http fetch GET 200 https://registry.npmjs.org/@esbuild%2flinux-riscv64 99ms (cache miss)
1091 http fetch GET 200 https://registry.npmjs.org/@esbuild%2fopenbsd-x64 100ms (cache miss)
1092 http fetch GET 200 https://registry.npmjs.org/@esbuild%2fandroid-arm64 101ms (cache miss)
1093 http fetch GET 200 https://registry.npmjs.org/@esbuild%2flinux-loong64 100ms (cache miss)
1094 http fetch GET 200 https://registry.npmjs.org/@esbuild%2fwin32-arm64 102ms (cache miss)
1095 http fetch GET 200 https://registry.npmjs.org/@types%2festree 102ms (cache miss)
1096 http fetch GET 200 https://registry.npmjs.org/@rollup%2frollup-darwin-arm64 101ms (cache miss)
1097 http fetch GET 200 https://registry.npmjs.org/@rollup%2frollup-win32-arm64-msvc 100ms (cache miss)
1098 http fetch GET 200 https://registry.npmjs.org/@esbuild%2flinux-mips64el 104ms (cache miss)
1099 http fetch GET 200 https://registry.npmjs.org/@rollup%2frollup-freebsd-arm64 101ms (cache miss)
1100 http fetch GET 200 https://registry.npmjs.org/@rollup%2frollup-android-arm64 104ms (cache miss)
1101 http fetch GET 200 https://registry.npmjs.org/@esbuild%2ffreebsd-arm64 110ms (cache miss)
1102 http fetch GET 200 https://registry.npmjs.org/@rollup%2frollup-linux-arm64-gnu 106ms (cache miss)
1103 http fetch GET 200 https://registry.npmjs.org/@rollup%2frollup-linux-loong64-gnu 127ms (cache miss)
1104 http fetch GET 200 https://registry.npmjs.org/@rollup%2frollup-linux-arm64-musl 131ms (cache miss)
1105 http fetch GET 200 https://registry.npmjs.org/@rollup%2frollup-linux-riscv64-gnu 130ms (cache miss)
1106 http fetch GET 200 https://registry.npmjs.org/@rollup%2frollup-linux-arm-gnueabihf 135ms (cache miss)
1107 http fetch GET 200 https://registry.npmjs.org/@rollup%2frollup-win32-ia32-msvc 135ms (cache miss)
1108 http fetch GET 200 https://registry.npmjs.org/@rollup%2frollup-linux-riscv64-musl 136ms (cache miss)
1109 http fetch GET 200 https://registry.npmjs.org/@rollup%2frollup-linux-ppc64-gnu 136ms (cache miss)
1110 http fetch GET 200 https://registry.npmjs.org/@rollup%2frollup-linux-loong64-musl 141ms (cache miss)
1111 http fetch GET 200 https://registry.npmjs.org/@rollup%2frollup-linux-arm-musleabihf 141ms (cache miss)
1112 http fetch GET 200 https://registry.npmjs.org/@rollup%2frollup-linux-s390x-gnu 141ms (cache miss)
1113 http fetch GET 200 https://registry.npmjs.org/@rollup%2frollup-darwin-x64 144ms (cache miss)
1114 http fetch GET 200 https://registry.npmjs.org/@rollup%2frollup-win32-x64-gnu 146ms (cache miss)
1115 http fetch GET 200 https://registry.npmjs.org/@rollup%2frollup-win32-x64-msvc 145ms (cache miss)
1116 http fetch GET 200 https://registry.npmjs.org/@rollup%2frollup-linux-ppc64-musl 149ms (cache miss)
1117 http fetch GET 200 https://registry.npmjs.org/@rollup%2frollup-android-arm-eabi 150ms (cache miss)
1118 http fetch GET 200 https://registry.npmjs.org/@rollup%2frollup-freebsd-x64 167ms (cache miss)
1119 http fetch GET 200 https://registry.npmjs.org/@rollup%2frollup-openharmony-arm64 170ms (cache miss)
1120 http fetch GET 200 https://registry.npmjs.org/@rollup%2frollup-openbsd-x64 170ms (cache miss)
1121 http fetch GET 200 https://registry.npmjs.org/@rollup%2frollup-linux-x64-musl 170ms (cache miss)
1122 http fetch GET 200 https://registry.npmjs.org/@rollup%2frollup-linux-x64-gnu 174ms (cache miss)
1123 timing idealTree:node_modules/vite Completed in 185ms
1124 silly placeDep ROOT @esbuild/aix-ppc64@0.21.5 OK for: esbuild@0.21.5 want: 0.21.5
1125 silly placeDep ROOT @esbuild/android-arm@0.21.5 OK for: esbuild@0.21.5 want: 0.21.5
1126 silly placeDep ROOT @esbuild/android-arm64@0.21.5 OK for: esbuild@0.21.5 want: 0.21.5
1127 silly placeDep ROOT @esbuild/android-x64@0.21.5 OK for: esbuild@0.21.5 want: 0.21.5
1128 silly placeDep ROOT @esbuild/darwin-arm64@0.21.5 OK for: esbuild@0.21.5 want: 0.21.5
1129 silly placeDep ROOT @esbuild/darwin-x64@0.21.5 OK for: esbuild@0.21.5 want: 0.21.5
1130 silly placeDep ROOT @esbuild/freebsd-arm64@0.21.5 OK for: esbuild@0.21.5 want: 0.21.5
1131 silly placeDep ROOT @esbuild/freebsd-x64@0.21.5 OK for: esbuild@0.21.5 want: 0.21.5
1132 silly placeDep ROOT @esbuild/linux-arm@0.21.5 OK for: esbuild@0.21.5 want: 0.21.5
1133 silly placeDep ROOT @esbuild/linux-arm64@0.21.5 OK for: esbuild@0.21.5 want: 0.21.5
1134 silly placeDep ROOT @esbuild/linux-ia32@0.21.5 OK for: esbuild@0.21.5 want: 0.21.5
1135 silly placeDep ROOT @esbuild/linux-loong64@0.21.5 OK for: esbuild@0.21.5 want: 0.21.5
1136 silly placeDep ROOT @esbuild/linux-mips64el@0.21.5 OK for: esbuild@0.21.5 want: 0.21.5
1137 silly placeDep ROOT @esbuild/linux-ppc64@0.21.5 OK for: esbuild@0.21.5 want: 0.21.5
1138 silly placeDep ROOT @esbuild/linux-riscv64@0.21.5 OK for: esbuild@0.21.5 want: 0.21.5
1139 silly placeDep ROOT @esbuild/linux-s390x@0.21.5 OK for: esbuild@0.21.5 want: 0.21.5
1140 silly placeDep ROOT @esbuild/linux-x64@0.21.5 OK for: esbuild@0.21.5 want: 0.21.5
1141 silly placeDep ROOT @esbuild/netbsd-x64@0.21.5 OK for: esbuild@0.21.5 want: 0.21.5
1142 silly placeDep ROOT @esbuild/openbsd-x64@0.21.5 OK for: esbuild@0.21.5 want: 0.21.5
1143 silly placeDep ROOT @esbuild/sunos-x64@0.21.5 OK for: esbuild@0.21.5 want: 0.21.5
1144 silly placeDep ROOT @esbuild/win32-arm64@0.21.5 OK for: esbuild@0.21.5 want: 0.21.5
1145 silly placeDep ROOT @esbuild/win32-ia32@0.21.5 OK for: esbuild@0.21.5 want: 0.21.5
1146 silly placeDep ROOT @esbuild/win32-x64@0.21.5 OK for: esbuild@0.21.5 want: 0.21.5
1147 timing idealTree:node_modules/esbuild Completed in 4ms
1148 timing idealTree:node_modules/@esbuild/aix-ppc64 Completed in 0ms
1149 timing idealTree:node_modules/@esbuild/android-arm Completed in 0ms
1150 timing idealTree:node_modules/@esbuild/android-arm64 Completed in 0ms
1151 timing idealTree:node_modules/@esbuild/android-x64 Completed in 0ms
1152 timing idealTree:node_modules/@esbuild/darwin-arm64 Completed in 0ms
1153 timing idealTree:node_modules/@esbuild/darwin-x64 Completed in 0ms
1154 timing idealTree:node_modules/@esbuild/freebsd-arm64 Completed in 0ms
1155 timing idealTree:node_modules/@esbuild/freebsd-x64 Completed in 0ms
1156 timing idealTree:node_modules/@esbuild/linux-arm Completed in 0ms
1157 timing idealTree:node_modules/@esbuild/linux-arm64 Completed in 0ms
1158 timing idealTree:node_modules/@esbuild/linux-ia32 Completed in 0ms
1159 timing idealTree:node_modules/@esbuild/linux-loong64 Completed in 0ms
1160 timing idealTree:node_modules/@esbuild/linux-mips64el Completed in 0ms
1161 timing idealTree:node_modules/@esbuild/linux-ppc64 Completed in 0ms
1162 timing idealTree:node_modules/@esbuild/linux-riscv64 Completed in 0ms
1163 timing idealTree:node_modules/@esbuild/linux-s390x Completed in 0ms
1164 timing idealTree:node_modules/@esbuild/linux-x64 Completed in 0ms
1165 timing idealTree:node_modules/@esbuild/netbsd-x64 Completed in 0ms
1166 timing idealTree:node_modules/@esbuild/openbsd-x64 Completed in 0ms
1167 timing idealTree:node_modules/@esbuild/sunos-x64 Completed in 0ms
1168 timing idealTree:node_modules/@esbuild/win32-arm64 Completed in 0ms
1169 timing idealTree:node_modules/@esbuild/win32-ia32 Completed in 0ms
1170 timing idealTree:node_modules/@esbuild/win32-x64 Completed in 0ms
1171 silly placeDep ROOT @rollup/rollup-android-arm-eabi@4.60.0 OK for: rollup@4.60.0 want: 4.60.0
1172 silly placeDep ROOT @rollup/rollup-android-arm64@4.60.0 OK for: rollup@4.60.0 want: 4.60.0
1173 silly placeDep ROOT @rollup/rollup-darwin-arm64@4.60.0 OK for: rollup@4.60.0 want: 4.60.0
1174 silly placeDep ROOT @rollup/rollup-darwin-x64@4.60.0 OK for: rollup@4.60.0 want: 4.60.0
1175 silly placeDep ROOT @rollup/rollup-freebsd-arm64@4.60.0 OK for: rollup@4.60.0 want: 4.60.0
1176 silly placeDep ROOT @rollup/rollup-freebsd-x64@4.60.0 OK for: rollup@4.60.0 want: 4.60.0
1177 silly placeDep ROOT @rollup/rollup-linux-arm-gnueabihf@4.60.0 OK for: rollup@4.60.0 want: 4.60.0
1178 silly placeDep ROOT @rollup/rollup-linux-arm-musleabihf@4.60.0 OK for: rollup@4.60.0 want: 4.60.0
1179 silly placeDep ROOT @rollup/rollup-linux-arm64-gnu@4.60.0 OK for: rollup@4.60.0 want: 4.60.0
1180 silly placeDep ROOT @rollup/rollup-linux-arm64-musl@4.60.0 OK for: rollup@4.60.0 want: 4.60.0
1181 silly placeDep ROOT @rollup/rollup-linux-loong64-gnu@4.60.0 OK for: rollup@4.60.0 want: 4.60.0
1182 silly placeDep ROOT @rollup/rollup-linux-loong64-musl@4.60.0 OK for: rollup@4.60.0 want: 4.60.0
1183 silly placeDep ROOT @rollup/rollup-linux-ppc64-gnu@4.60.0 OK for: rollup@4.60.0 want: 4.60.0
1184 silly placeDep ROOT @rollup/rollup-linux-ppc64-musl@4.60.0 OK for: rollup@4.60.0 want: 4.60.0
1185 silly placeDep ROOT @rollup/rollup-linux-riscv64-gnu@4.60.0 OK for: rollup@4.60.0 want: 4.60.0
1186 silly placeDep ROOT @rollup/rollup-linux-riscv64-musl@4.60.0 OK for: rollup@4.60.0 want: 4.60.0
1187 silly placeDep ROOT @rollup/rollup-linux-s390x-gnu@4.60.0 OK for: rollup@4.60.0 want: 4.60.0
1188 silly placeDep ROOT @rollup/rollup-linux-x64-gnu@4.60.0 OK for: rollup@4.60.0 want: 4.60.0
1189 silly placeDep ROOT @rollup/rollup-linux-x64-musl@4.60.0 OK for: rollup@4.60.0 want: 4.60.0
1190 silly placeDep ROOT @rollup/rollup-openbsd-x64@4.60.0 OK for: rollup@4.60.0 want: 4.60.0
1191 silly placeDep ROOT @rollup/rollup-openharmony-arm64@4.60.0 OK for: rollup@4.60.0 want: 4.60.0
1192 silly placeDep ROOT @rollup/rollup-win32-arm64-msvc@4.60.0 OK for: rollup@4.60.0 want: 4.60.0
1193 silly placeDep ROOT @rollup/rollup-win32-ia32-msvc@4.60.0 OK for: rollup@4.60.0 want: 4.60.0
1194 silly placeDep ROOT @rollup/rollup-win32-x64-gnu@4.60.0 OK for: rollup@4.60.0 want: 4.60.0
1195 silly placeDep ROOT @rollup/rollup-win32-x64-msvc@4.60.0 OK for: rollup@4.60.0 want: 4.60.0
1196 silly placeDep ROOT @types/estree@1.0.8 OK for: rollup@4.60.0 want: 1.0.8
1197 timing idealTree:node_modules/rollup Completed in 5ms
1198 timing idealTree:node_modules/@rollup/rollup-android-arm-eabi Completed in 0ms
1199 timing idealTree:node_modules/@rollup/rollup-android-arm64 Completed in 0ms
1200 timing idealTree:node_modules/@rollup/rollup-darwin-arm64 Completed in 0ms
1201 timing idealTree:node_modules/@rollup/rollup-darwin-x64 Completed in 0ms
1202 timing idealTree:node_modules/@rollup/rollup-freebsd-arm64 Completed in 0ms
1203 timing idealTree:node_modules/@rollup/rollup-freebsd-x64 Completed in 0ms
1204 timing idealTree:node_modules/@rollup/rollup-linux-arm-gnueabihf Completed in 0ms
1205 timing idealTree:node_modules/@rollup/rollup-linux-arm-musleabihf Completed in 0ms
1206 timing idealTree:node_modules/@rollup/rollup-linux-arm64-gnu Completed in 0ms
1207 timing idealTree:node_modules/@rollup/rollup-linux-arm64-musl Completed in 0ms
1208 timing idealTree:node_modules/@rollup/rollup-linux-loong64-gnu Completed in 0ms
1209 timing idealTree:node_modules/@rollup/rollup-linux-loong64-musl Completed in 0ms
1210 timing idealTree:node_modules/@rollup/rollup-linux-ppc64-gnu Completed in 0ms
1211 timing idealTree:node_modules/@rollup/rollup-linux-ppc64-musl Completed in 0ms
1212 timing idealTree:node_modules/@rollup/rollup-linux-riscv64-gnu Completed in 0ms
1213 timing idealTree:node_modules/@rollup/rollup-linux-riscv64-musl Completed in 0ms
1214 timing idealTree:node_modules/@rollup/rollup-linux-s390x-gnu Completed in 0ms
1215 timing idealTree:node_modules/@rollup/rollup-linux-x64-gnu Completed in 0ms
1216 timing idealTree:node_modules/@rollup/rollup-linux-x64-musl Completed in 0ms
1217 timing idealTree:node_modules/@rollup/rollup-openbsd-x64 Completed in 0ms
1218 timing idealTree:node_modules/@rollup/rollup-openharmony-arm64 Completed in 0ms
1219 timing idealTree:node_modules/@rollup/rollup-win32-arm64-msvc Completed in 0ms
1220 timing idealTree:node_modules/@rollup/rollup-win32-ia32-msvc Completed in 0ms
1221 timing idealTree:node_modules/@rollup/rollup-win32-x64-gnu Completed in 0ms
1222 timing idealTree:node_modules/@rollup/rollup-win32-x64-msvc Completed in 0ms
1223 timing idealTree:node_modules/@types/estree Completed in 0ms
1224 silly placeDep ROOT isexe@2.0.0 OK for: which@2.0.2 want: ^2.0.0
1225 timing idealTree:node_modules/which Completed in 1ms
1226 timing idealTree:node_modules/isexe Completed in 0ms
1227 timing idealTree:node_modules/word-wrap Completed in 0ms
1228 timing idealTree:node_modules/wrappy Completed in 0ms
1229 timing idealTree:node_modules/yallist Completed in 0ms
1230 timing idealTree:node_modules/yocto-queue Completed in 0ms
1231 timing idealTree:node_modules/@babel/core/node_modules/semver Completed in 0ms
1232 timing idealTree:node_modules/@babel/helper-compilation-targets/node_modules/semver Completed in 0ms
1233 silly placeDep node_modules/@eslint/eslintrc brace-expansion@1.1.13 OK for: minimatch@3.1.5 want: ^1.1.7
1234 silly fetch manifest concat-map@0.0.1
1235 http fetch GET 200 https://registry.npmjs.org/concat-map 33ms (cache miss)
1236 timing idealTree:node_modules/@eslint/eslintrc/node_modules/minimatch Completed in 34ms
1237 silly placeDep ROOT concat-map@0.0.1 OK for: brace-expansion@1.1.13 want: 0.0.1
1238 timing idealTree:node_modules/@eslint/eslintrc/node_modules/brace-expansion Completed in 1ms
1239 timing idealTree:node_modules/concat-map Completed in 0ms
1240 silly placeDep node_modules/@humanwhocodes/config-array brace-expansion@1.1.13 OK for: minimatch@3.1.5 want: ^1.1.7
1241 timing idealTree:node_modules/@humanwhocodes/config-array/node_modules/minimatch Completed in 0ms
1242 timing idealTree:node_modules/@humanwhocodes/config-array/node_modules/brace-expansion Completed in 0ms
1243 timing idealTree:node_modules/chokidar/node_modules/glob-parent Completed in 0ms
1244 silly placeDep node_modules/eslint brace-expansion@1.1.13 OK for: minimatch@3.1.5 want: ^1.1.7
1245 timing idealTree:node_modules/eslint/node_modules/minimatch Completed in 0ms
1246 timing idealTree:node_modules/eslint/node_modules/brace-expansion Completed in 0ms
1247 timing idealTree:node_modules/fast-glob/node_modules/glob-parent Completed in 0ms
1248 silly placeDep node_modules/glob brace-expansion@1.1.13 OK for: minimatch@3.1.5 want: ^1.1.7
1249 timing idealTree:node_modules/glob/node_modules/minimatch Completed in 1ms
1250 timing idealTree:node_modules/glob/node_modules/brace-expansion Completed in 0ms
1251 timing idealTree:node_modules/tinyglobby/node_modules/fdir Completed in 0ms
1252 timing idealTree:node_modules/tinyglobby/node_modules/picomatch Completed in 0ms
1253 timing idealTree:buildDeps Completed in 6465ms
1254 timing idealTree:fixDepFlags Completed in 1ms
1255 timing idealTree Completed in 6472ms
1256 timing reify:loadTrees Completed in 6472ms
1257 timing reify:diffTrees Completed in 1ms
1258 silly reify moves {}
1259 timing reify:retireShallow Completed in 1ms
1260 timing reify:createSparse Completed in 13ms
1261 timing reify:loadBundles Completed in 0ms
1262 silly audit bulk request {
1262 silly audit   '@types/react': [ '18.3.28' ],
1262 silly audit   '@types/react-dom': [ '18.3.7' ],
1262 silly audit   '@typescript-eslint/eslint-plugin': [ '7.2.0' ],
1262 silly audit   eslint: [ '8.57.1' ],
1262 silly audit   '@typescript-eslint/parser': [ '7.2.0' ],
1262 silly audit   '@vitejs/plugin-react': [ '4.7.0' ],
1262 silly audit   vite: [ '5.4.21' ],
1262 silly audit   autoprefixer: [ '10.4.27' ],
1262 silly audit   postcss: [ '8.5.8' ],
1262 silly audit   'eslint-plugin-react-hooks': [ '4.6.2' ],
1262 silly audit   'eslint-plugin-react-refresh': [ '0.4.26' ],
1262 silly audit   react: [ '18.3.1' ],
1262 silly audit   'react-dom': [ '18.3.1' ],
1262 silly audit   tailwindcss: [ '3.4.19' ],
1262 silly audit   typescript: [ '5.9.3' ],
1262 silly audit   '@types/prop-types': [ '15.7.15' ],
1262 silly audit   csstype: [ '3.2.3' ],
1262 silly audit   '@eslint-community/regexpp': [ '4.12.2' ],
1262 silly audit   '@typescript-eslint/scope-manager': [ '7.2.0' ],
1262 silly audit   '@typescript-eslint/type-utils': [ '7.2.0' ],
1262 silly audit   '@typescript-eslint/utils': [ '7.2.0' ],
1262 silly audit   '@typescript-eslint/visitor-keys': [ '7.2.0' ],
1262 silly audit   debug: [ '4.4.3' ],
1262 silly audit   graphemer: [ '1.4.0' ],
1262 silly audit   ignore: [ '5.3.2' ],
1262 silly audit   'natural-compare': [ '1.4.0' ],
1262 silly audit   semver: [ '7.7.4', '6.3.1' ],
1262 silly audit   'ts-api-utils': [ '1.4.3' ],
1262 silly audit   '@typescript-eslint/types': [ '7.2.0' ],
1262 silly audit   '@typescript-eslint/typescript-estree': [ '7.2.0' ],
1262 silly audit   globby: [ '11.1.0' ],
1262 silly audit   'is-glob': [ '4.0.3' ],
1262 silly audit   minimatch: [ '9.0.3', '3.1.5' ],
1262 silly audit   '@eslint-community/eslint-utils': [ '4.9.1' ],
1262 silly audit   '@types/json-schema': [ '7.0.15' ],
1262 silly audit   '@types/semver': [ '7.7.1' ],
1262 silly audit   'eslint-visitor-keys': [ '3.4.3' ],
1262 silly audit   '@babel/core': [ '7.29.0' ],
1262 silly audit   '@babel/plugin-transform-react-jsx-self': [ '7.27.1' ],
1262 silly audit   '@babel/plugin-transform-react-jsx-source': [ '7.27.1' ],
1262 silly audit   '@rolldown/pluginutils': [ '1.0.0-beta.27' ],
1262 silly audit   '@types/babel__core': [ '7.20.5' ],
1262 silly audit   'react-refresh': [ '0.17.0' ],
1262 silly audit   '@babel/code-frame': [ '7.29.0' ],
1262 silly audit   '@babel/generator': [ '7.29.1' ],
1262 silly audit   '@babel/helper-compilation-targets': [ '7.28.6' ],
1262 silly audit   '@babel/helper-module-transforms': [ '7.28.6' ],
1262 silly audit   '@babel/helpers': [ '7.29.2' ],
1262 silly audit   '@babel/parser': [ '7.29.2' ],
1262 silly audit   '@babel/template': [ '7.28.6' ],
1262 silly audit   '@babel/traverse': [ '7.29.0' ],
1262 silly audit   '@babel/types': [ '7.29.0' ],
1262 silly audit   '@jridgewell/remapping': [ '2.3.5' ],
1262 silly audit   'convert-source-map': [ '2.0.0' ],
1262 silly audit   gensync: [ '1.0.0-beta.2' ],
1262 silly audit   json5: [ '2.2.3' ],
1262 silly audit   '@babel/helper-validator-identifier': [ '7.28.5' ],
1262 silly audit   'js-tokens': [ '4.0.0' ],
1262 silly audit   picocolors: [ '1.1.1' ],
1262 silly audit   '@jridgewell/gen-mapping': [ '0.3.13' ],
1262 silly audit   '@jridgewell/trace-mapping': [ '0.3.31' ],
1262 silly audit   jsesc: [ '3.1.0' ],
1262 silly audit   '@babel/compat-data': [ '7.29.0' ],
1262 silly audit   '@babel/helper-validator-option': [ '7.27.1' ],
1262 silly audit   browserslist: [ '4.28.1' ],
1262 silly audit   'lru-cache': [ '5.1.1' ],
1262 silly audit   '@babel/helper-module-imports': [ '7.28.6' ],
1262 silly audit   '@babel/helper-plugin-utils': [ '7.28.6' ],
1262 silly audit   '@babel/helper-globals': [ '7.28.0' ],
1262 silly audit   '@babel/helper-string-parser': [ '7.27.1' ],
1262 silly audit   '@jridgewell/sourcemap-codec': [ '1.5.5' ],
1262 silly audit   '@jridgewell/resolve-uri': [ '3.1.2' ],
1262 silly audit   '@types/babel__generator': [ '7.27.0' ],
1262 silly audit   '@types/babel__template': [ '7.4.4' ],
1262 silly audit   '@types/babel__traverse': [ '7.28.0' ],
1262 silly audit   'caniuse-lite': [ '1.0.30001782' ],
1262 silly audit   'fraction.js': [ '5.3.4' ],
1262 silly audit   'postcss-value-parser': [ '4.2.0' ],
1262 silly audit   'baseline-browser-mapping': [ '2.10.12' ],
1262 silly audit   'electron-to-chromium': [ '1.5.328' ],
1262 silly audit   'node-releases': [ '2.0.36' ],
1262 silly audit   'update-browserslist-db': [ '1.2.3' ],
1262 silly audit   ms: [ '2.1.3' ],
1262 silly audit   '@eslint/eslintrc': [ '2.1.4' ],
1262 silly audit   '@eslint/js': [ '8.57.1' ],
1262 silly audit   '@humanwhocodes/config-array': [ '0.13.0' ],
1262 silly audit   '@humanwhocodes/module-importer': [ '1.0.1' ],
1262 silly audit   '@nodelib/fs.walk': [ '1.2.8' ],
1262 silly audit   '@ungap/structured-clone': [ '1.3.0' ],
1262 silly audit   ajv: [ '6.14.0' ],
1262 silly audit   chalk: [ '4.1.2' ],
1262 silly audit   'cross-spawn': [ '7.0.6' ],
1262 silly audit   doctrine: [ '3.0.0' ],
1262 silly audit   'escape-string-regexp': [ '4.0.0' ],
1262 silly audit   'eslint-scope': [ '7.2.2' ],
1262 silly audit   espree: [ '9.6.1' ],
1262 silly audit   esquery: [ '1.7.0' ],
1262 silly audit   esutils: [ '2.0.3' ],
1262 silly audit   'fast-deep-equal': [ '3.1.3' ],
1262 silly audit   'file-entry-cache': [ '6.0.1' ],
1262 silly audit   'find-up': [ '5.0.0' ],
1262 silly audit   'glob-parent': [ '6.0.2', '5.1.2' ],
1262 silly audit   globals: [ '13.24.0' ],
1262 silly audit   imurmurhash: [ '0.1.4' ],
1262 silly audit   'is-path-inside': [ '3.0.3' ],
1262 silly audit   'js-yaml': [ '4.1.1' ],
1262 silly audit   'json-stable-stringify-without-jsonify': [ '1.0.1' ],
1262 silly audit   levn: [ '0.4.1' ],
1262 silly audit   'lodash.merge': [ '4.6.2' ],
1262 silly audit   optionator: [ '0.9.4' ],
1262 silly audit   'strip-ansi': [ '6.0.1' ],
1262 silly audit   'text-table': [ '0.2.0' ],
1262 silly audit   'import-fresh': [ '3.3.1' ],
1262 silly audit   'strip-json-comments': [ '3.1.1' ],
1262 silly audit   '@humanwhocodes/object-schema': [ '2.0.3' ],
1262 silly audit   '@nodelib/fs.scandir': [ '2.1.5' ],
1262 silly audit   fastq: [ '1.20.1' ],
1262 silly audit   '@nodelib/fs.stat': [ '2.0.5' ],
1262 silly audit   'run-parallel': [ '1.2.0' ],
1262 silly audit   'fast-json-stable-stringify': [ '2.1.0' ],
1262 silly audit   'json-schema-traverse': [ '0.4.1' ],
1262 silly audit   'uri-js': [ '4.4.1' ],
1262 silly audit   'ansi-styles': [ '4.3.0' ],
1262 silly audit   'supports-color': [ '7.2.0' ],
1262 silly audit   'color-convert': [ '2.0.1' ],
1262 silly audit   'color-name': [ '1.1.4' ],
1262 silly audit   'path-key': [ '3.1.1' ],
1262 silly audit   'shebang-command': [ '2.0.0' ],
1262 silly audit   which: [ '2.0.2' ],
1262 silly audit   esrecurse: [ '4.3.0' ],
1262 silly audit   estraverse: [ '5.3.0' ],
1262 silly audit   acorn: [ '8.16.0' ],
1262 silly audit   'acorn-jsx': [ '5.3.2' ],
1262 silly audit   reusify: [ '1.1.0' ],
1262 silly audit   'flat-cache': [ '3.2.0' ],
1262 silly audit   'locate-path': [ '6.0.0' ],
1262 silly audit   'path-exists': [ '4.0.0' ],
1262 silly audit   flatted: [ '3.4.2' ],
1262 silly audit   keyv: [ '4.5.4' ],
1262 silly audit   rimraf: [ '3.0.2' ],
1262 silly audit   'type-fest': [ '0.20.2' ],
1262 silly audit   'array-union': [ '2.1.0' ],
1262 silly audit   'dir-glob': [ '3.0.1' ],
1262 silly audit   'fast-glob': [ '3.3.3' ],
1262 silly audit   merge2: [ '1.4.1' ],
1262 silly audit   slash: [ '3.0.0' ],
1262 silly audit   'path-type': [ '4.0.0' ],
1262 silly audit   micromatch: [ '4.0.8' ],
1262 silly audit   'parent-module': [ '1.0.1' ],
1262 silly audit   'resolve-from': [ '4.0.0' ],
1262 silly audit   'is-extglob': [ '2.1.1' ],
1262 silly audit   argparse: [ '2.0.1' ],
1262 silly audit   'json-buffer': [ '3.0.1' ],
1262 silly audit   'prelude-ls': [ '1.2.1' ],
1262 silly audit   'type-check': [ '0.4.0' ],
1262 silly audit   'p-locate': [ '5.0.0' ],
1262 silly audit   yallist: [ '3.1.1' ],
1262 silly audit   braces: [ '3.0.3' ],
1262 silly audit   picomatch: [ '2.3.2', '4.0.4' ],
1262 silly audit   'fill-range': [ '7.1.1' ],
1262 silly audit   'to-regex-range': [ '5.0.1' ],
1262 silly audit   'brace-expansion': [ '2.0.3', '1.1.13' ],
1262 silly audit   'balanced-match': [ '1.0.2' ],
1262 silly audit   'deep-is': [ '0.1.4' ],
1262 silly audit   'fast-levenshtein': [ '2.0.6' ],
1262 silly audit   'word-wrap': [ '1.2.5' ],
1262 silly audit   'p-limit': [ '3.1.0' ],
1262 silly audit   'yocto-queue': [ '0.1.0' ],
1262 silly audit   callsites: [ '3.1.0' ],
1262 silly audit   nanoid: [ '3.3.11' ],
1262 silly audit   'source-map-js': [ '1.2.1' ],
1262 silly audit   'loose-envify': [ '1.4.0' ],
1262 silly audit   scheduler: [ '0.23.2' ],
1262 silly audit   glob: [ '7.2.3' ],
1262 silly audit   'fs.realpath': [ '1.0.0' ],
1262 silly audit   inflight: [ '1.0.6' ],
1262 silly audit   inherits: [ '2.0.4' ],
1262 silly audit   once: [ '1.4.0' ],
1262 silly audit   'path-is-absolute': [ '1.0.1' ],
1262 silly audit   wrappy: [ '1.0.2' ],
1262 silly audit   'queue-microtask': [ '1.2.3' ],
1262 silly audit   'shebang-regex': [ '3.0.0' ],
1262 silly audit   'ansi-regex': [ '5.0.1' ],
1262 silly audit   'has-flag': [ '4.0.0' ],
1262 silly audit   '@alloc/quick-lru': [ '5.2.0' ],
1262 silly audit   arg: [ '5.0.2' ],
1262 silly audit   chokidar: [ '3.6.0' ],
1262 silly audit   didyoumean: [ '1.2.2' ],
1262 silly audit   dlv: [ '1.1.3' ],
1262 silly audit   jiti: [ '1.21.7' ],
1262 silly audit   lilconfig: [ '3.1.3' ],
1262 silly audit   'normalize-path': [ '3.0.0' ],
1262 silly audit   'object-hash': [ '3.0.0' ],
1262 silly audit   'postcss-import': [ '15.1.0' ],
1262 silly audit   'postcss-js': [ '4.1.0' ],
1262 silly audit   'postcss-load-config': [ '6.0.1' ],
1262 silly audit   'postcss-nested': [ '6.2.0' ],
1262 silly audit   'postcss-selector-parser': [ '6.1.2' ],
1262 silly audit   resolve: [ '1.22.11' ],
1262 silly audit   sucrase: [ '3.35.1' ],
1262 silly audit   anymatch: [ '3.1.3' ],
1262 silly audit   fsevents: [ '2.3.3' ],
1262 silly audit   'is-binary-path': [ '2.1.0' ],
1262 silly audit   readdirp: [ '3.6.0' ],
1262 silly audit   'binary-extensions': [ '2.3.0' ],
1262 silly audit   'read-cache': [ '1.0.0' ],
1262 silly audit   'camelcase-css': [ '2.0.1' ],
1262 silly audit   cssesc: [ '3.0.0' ],
1262 silly audit   'util-deprecate': [ '1.0.2' ],
1262 silly audit   pify: [ '2.3.0' ],
1262 silly audit   'is-core-module': [ '2.16.1' ],
1262 silly audit   'path-parse': [ '1.0.7' ],
1262 silly audit   'supports-preserve-symlinks-flag': [ '1.0.0' ],
1262 silly audit   hasown: [ '2.0.2' ],
1262 silly audit   'function-bind': [ '1.1.2' ],
1262 silly audit   commander: [ '4.1.1' ],
1262 silly audit   'lines-and-columns': [ '1.2.4' ],
1262 silly audit   mz: [ '2.7.0' ],
1262 silly audit   pirates: [ '4.0.7' ],
1262 silly audit   tinyglobby: [ '0.2.15' ],
1262 silly audit   'ts-interface-checker': [ '0.1.13' ],
1262 silly audit   'any-promise': [ '1.3.0' ],
1262 silly audit   'object-assign': [ '4.1.1' ],
1262 silly audit   'thenify-all': [ '1.6.0' ],
1262 silly audit   thenify: [ '3.3.1' ],
1262 silly audit   fdir: [ '6.5.0' ],
1262 silly audit   'is-number': [ '7.0.0' ],
1262 silly audit   escalade: [ '3.2.0' ],
1262 silly audit   punycode: [ '2.3.1' ],
1262 silly audit   esbuild: [ '0.21.5' ],
1262 silly audit   rollup: [ '4.60.0' ],
1262 silly audit   '@esbuild/aix-ppc64': [ '0.21.5' ],
1262 silly audit   '@esbuild/android-arm': [ '0.21.5' ],
1262 silly audit   '@esbuild/android-arm64': [ '0.21.5' ],
1262 silly audit   '@esbuild/android-x64': [ '0.21.5' ],
1262 silly audit   '@esbuild/darwin-arm64': [ '0.21.5' ],
1262 silly audit   '@esbuild/darwin-x64': [ '0.21.5' ],
1262 silly audit   '@esbuild/freebsd-arm64': [ '0.21.5' ],
1262 silly audit   '@esbuild/freebsd-x64': [ '0.21.5' ],
1262 silly audit   '@esbuild/linux-arm': [ '0.21.5' ],
1262 silly audit   '@esbuild/linux-arm64': [ '0.21.5' ],
1262 silly audit   '@esbuild/linux-ia32': [ '0.21.5' ],
1262 silly audit   '@esbuild/linux-loong64': [ '0.21.5' ],
1262 silly audit   '@esbuild/linux-mips64el': [ '0.21.5' ],
1262 silly audit   '@esbuild/linux-ppc64': [ '0.21.5' ],
1262 silly audit   '@esbuild/linux-riscv64': [ '0.21.5' ],
1262 silly audit   '@esbuild/linux-s390x': [ '0.21.5' ],
1262 silly audit   '@esbuild/linux-x64': [ '0.21.5' ],
1262 silly audit   '@esbuild/netbsd-x64': [ '0.21.5' ],
1262 silly audit   '@esbuild/openbsd-x64': [ '0.21.5' ],
1262 silly audit   '@esbuild/sunos-x64': [ '0.21.5' ],
1262 silly audit   '@esbuild/win32-arm64': [ '0.21.5' ],
1262 silly audit   '@esbuild/win32-ia32': [ '0.21.5' ],
1262 silly audit   '@esbuild/win32-x64': [ '0.21.5' ],
1262 silly audit   '@rollup/rollup-android-arm-eabi': [ '4.60.0' ],
1262 silly audit   '@rollup/rollup-android-arm64': [ '4.60.0' ],
1262 silly audit   '@rollup/rollup-darwin-arm64': [ '4.60.0' ],
1262 silly audit   '@rollup/rollup-darwin-x64': [ '4.60.0' ],
1262 silly audit   '@rollup/rollup-freebsd-arm64': [ '4.60.0' ],
1262 silly audit   '@rollup/rollup-freebsd-x64': [ '4.60.0' ],
1262 silly audit   '@rollup/rollup-linux-arm-gnueabihf': [ '4.60.0' ],
1262 silly audit   '@rollup/rollup-linux-arm-musleabihf': [ '4.60.0' ],
1262 silly audit   '@rollup/rollup-linux-arm64-gnu': [ '4.60.0' ],
1262 silly audit   '@rollup/rollup-linux-arm64-musl': [ '4.60.0' ],
1262 silly audit   '@rollup/rollup-linux-loong64-gnu': [ '4.60.0' ],
1262 silly audit   '@rollup/rollup-linux-loong64-musl': [ '4.60.0' ],
1262 silly audit   '@rollup/rollup-linux-ppc64-gnu': [ '4.60.0' ],
1262 silly audit   '@rollup/rollup-linux-ppc64-musl': [ '4.60.0' ],
1262 silly audit   '@rollup/rollup-linux-riscv64-gnu': [ '4.60.0' ],
1262 silly audit   '@rollup/rollup-linux-riscv64-musl': [ '4.60.0' ],
1262 silly audit   '@rollup/rollup-linux-s390x-gnu': [ '4.60.0' ],
1262 silly audit   '@rollup/rollup-linux-x64-gnu': [ '4.60.0' ],
1262 silly audit   '@rollup/rollup-linux-x64-musl': [ '4.60.0' ],
1262 silly audit   '@rollup/rollup-openbsd-x64': [ '4.60.0' ],
1262 silly audit   '@rollup/rollup-openharmony-arm64': [ '4.60.0' ],
1262 silly audit   '@rollup/rollup-win32-arm64-msvc': [ '4.60.0' ],
1262 silly audit   '@rollup/rollup-win32-ia32-msvc': [ '4.60.0' ],
1262 silly audit   '@rollup/rollup-win32-x64-gnu': [ '4.60.0' ],
1262 silly audit   '@rollup/rollup-win32-x64-msvc': [ '4.60.0' ],
1262 silly audit   '@types/estree': [ '1.0.8' ],
1262 silly audit   isexe: [ '2.0.0' ],
1262 silly audit   'concat-map': [ '0.0.1' ]
1262 silly audit }
1263 verbose reify failed optional dependency /Users/sangjaeseo/BlueforgeProjects/알카노이드/node_modules/@rollup/rollup-win32-x64-msvc
1264 silly reify mark deleted [
1264 silly reify   '/Users/sangjaeseo/BlueforgeProjects/알카노이드/node_modules/@rollup/rollup-win32-x64-msvc'
1264 silly reify ]
1265 verbose reify failed optional dependency /Users/sangjaeseo/BlueforgeProjects/알카노이드/node_modules/@rollup/rollup-win32-x64-gnu
1266 silly reify mark deleted [
1266 silly reify   '/Users/sangjaeseo/BlueforgeProjects/알카노이드/node_modules/@rollup/rollup-win32-x64-gnu'
1266 silly reify ]
1267 verbose reify failed optional dependency /Users/sangjaeseo/BlueforgeProjects/알카노이드/node_modules/@rollup/rollup-win32-ia32-msvc
1268 silly reify mark deleted [
1268 silly reify   '/Users/sangjaeseo/BlueforgeProjects/알카노이드/node_modules/@rollup/rollup-win32-ia32-msvc'
1268 silly reify ]
1269 verbose reify failed optional dependency /Users/sangjaeseo/BlueforgeProjects/알카노이드/node_modules/@rollup/rollup-win32-arm64-msvc
1270 silly reify mark deleted [
1270 silly reify   '/Users/sangjaeseo/BlueforgeProjects/알카노이드/node_modules/@rollup/rollup-win32-arm64-msvc'
1270 silly reify ]
1271 verbose reify failed optional dependency /Users/sangjaeseo/BlueforgeProjects/알카노이드/node_modules/@rollup/rollup-openharmony-arm64
1272 silly reify mark deleted [
1272 silly reify   '/Users/sangjaeseo/BlueforgeProjects/알카노이드/node_modules/@rollup/rollup-openharmony-arm64'
1272 silly reify ]
1273 verbose reify failed optional dependency /Users/sangjaeseo/BlueforgeProjects/알카노이드/node_modules/@rollup/rollup-openbsd-x64
1274 silly reify mark deleted [
1274 silly reify   '/Users/sangjaeseo/BlueforgeProjects/알카노이드/node_modules/@rollup/rollup-openbsd-x64'
1274 silly reify ]
1275 verbose reify failed optional dependency /Users/sangjaeseo/BlueforgeProjects/알카노이드/node_modules/@rollup/rollup-linux-x64-musl
1276 silly reify mark deleted [
1276 silly reify   '/Users/sangjaeseo/BlueforgeProjects/알카노이드/node_modules/@rollup/rollup-linux-x64-musl'
1276 silly reify ]
1277 verbose reify failed optional dependency /Users/sangjaeseo/BlueforgeProjects/알카노이드/node_modules/@rollup/rollup-linux-x64-gnu
1278 silly reify mark deleted [
1278 silly reify   '/Users/sangjaeseo/BlueforgeProjects/알카노이드/node_modules/@rollup/rollup-linux-x64-gnu'
1278 silly reify ]
1279 verbose reify failed optional dependency /Users/sangjaeseo/BlueforgeProjects/알카노이드/node_modules/@rollup/rollup-linux-s390x-gnu
1280 silly reify mark deleted [
1280 silly reify   '/Users/sangjaeseo/BlueforgeProjects/알카노이드/node_modules/@rollup/rollup-linux-s390x-gnu'
1280 silly reify ]
1281 verbose reify failed optional dependency /Users/sangjaeseo/BlueforgeProjects/알카노이드/node_modules/@rollup/rollup-linux-riscv64-musl
1282 silly reify mark deleted [
1282 silly reify   '/Users/sangjaeseo/BlueforgeProjects/알카노이드/node_modules/@rollup/rollup-linux-riscv64-musl'
1282 silly reify ]
1283 verbose reify failed optional dependency /Users/sangjaeseo/BlueforgeProjects/알카노이드/node_modules/@rollup/rollup-linux-riscv64-gnu
1284 silly reify mark deleted [
1284 silly reify   '/Users/sangjaeseo/BlueforgeProjects/알카노이드/node_modules/@rollup/rollup-linux-riscv64-gnu'
1284 silly reify ]
1285 verbose reify failed optional dependency /Users/sangjaeseo/BlueforgeProjects/알카노이드/node_modules/@rollup/rollup-linux-ppc64-musl
1286 silly reify mark deleted [
1286 silly reify   '/Users/sangjaeseo/BlueforgeProjects/알카노이드/node_modules/@rollup/rollup-linux-ppc64-musl'
1286 silly reify ]
1287 verbose reify failed optional dependency /Users/sangjaeseo/BlueforgeProjects/알카노이드/node_modules/@rollup/rollup-linux-ppc64-gnu
1288 silly reify mark deleted [
1288 silly reify   '/Users/sangjaeseo/BlueforgeProjects/알카노이드/node_modules/@rollup/rollup-linux-ppc64-gnu'
1288 silly reify ]
1289 verbose reify failed optional dependency /Users/sangjaeseo/BlueforgeProjects/알카노이드/node_modules/@rollup/rollup-linux-loong64-musl
1290 silly reify mark deleted [
1290 silly reify   '/Users/sangjaeseo/BlueforgeProjects/알카노이드/node_modules/@rollup/rollup-linux-loong64-musl'
1290 silly reify ]
1291 verbose reify failed optional dependency /Users/sangjaeseo/BlueforgeProjects/알카노이드/node_modules/@rollup/rollup-linux-loong64-gnu
1292 silly reify mark deleted [
1292 silly reify   '/Users/sangjaeseo/BlueforgeProjects/알카노이드/node_modules/@rollup/rollup-linux-loong64-gnu'
1292 silly reify ]
1293 verbose reify failed optional dependency /Users/sangjaeseo/BlueforgeProjects/알카노이드/node_modules/@rollup/rollup-linux-arm64-musl
1294 silly reify mark deleted [
1294 silly reify   '/Users/sangjaeseo/BlueforgeProjects/알카노이드/node_modules/@rollup/rollup-linux-arm64-musl'
1294 silly reify ]
1295 verbose reify failed optional dependency /Users/sangjaeseo/BlueforgeProjects/알카노이드/node_modules/@rollup/rollup-linux-arm64-gnu
1296 silly reify mark deleted [
1296 silly reify   '/Users/sangjaeseo/BlueforgeProjects/알카노이드/node_modules/@rollup/rollup-linux-arm64-gnu'
1296 silly reify ]
1297 verbose reify failed optional dependency /Users/sangjaeseo/BlueforgeProjects/알카노이드/node_modules/@rollup/rollup-linux-arm-musleabihf
1298 silly reify mark deleted [
1298 silly reify   '/Users/sangjaeseo/BlueforgeProjects/알카노이드/node_modules/@rollup/rollup-linux-arm-musleabihf'
1298 silly reify ]
1299 verbose reify failed optional dependency /Users/sangjaeseo/BlueforgeProjects/알카노이드/node_modules/@rollup/rollup-linux-arm-gnueabihf
1300 silly reify mark deleted [
1300 silly reify   '/Users/sangjaeseo/BlueforgeProjects/알카노이드/node_modules/@rollup/rollup-linux-arm-gnueabihf'
1300 silly reify ]
1301 verbose reify failed optional dependency /Users/sangjaeseo/BlueforgeProjects/알카노이드/node_modules/@rollup/rollup-freebsd-x64
1302 silly reify mark deleted [
1302 silly reify   '/Users/sangjaeseo/BlueforgeProjects/알카노이드/node_modules/@rollup/rollup-freebsd-x64'
1302 silly reify ]
1303 verbose reify failed optional dependency /Users/sangjaeseo/BlueforgeProjects/알카노이드/node_modules/@rollup/rollup-freebsd-arm64
1304 silly reify mark deleted [
1304 silly reify   '/Users/sangjaeseo/BlueforgeProjects/알카노이드/node_modules/@rollup/rollup-freebsd-arm64'
1304 silly reify ]
1305 verbose reify failed optional dependency /Users/sangjaeseo/BlueforgeProjects/알카노이드/node_modules/@rollup/rollup-darwin-x64
1306 silly reify mark deleted [
1306 silly reify   '/Users/sangjaeseo/BlueforgeProjects/알카노이드/node_modules/@rollup/rollup-darwin-x64'
1306 silly reify ]
1307 verbose reify failed optional dependency /Users/sangjaeseo/BlueforgeProjects/알카노이드/node_modules/@rollup/rollup-android-arm64
1308 silly reify mark deleted [
1308 silly reify   '/Users/sangjaeseo/BlueforgeProjects/알카노이드/node_modules/@rollup/rollup-android-arm64'
1308 silly reify ]
1309 verbose reify failed optional dependency /Users/sangjaeseo/BlueforgeProjects/알카노이드/node_modules/@rollup/rollup-android-arm-eabi
1310 silly reify mark deleted [
1310 silly reify   '/Users/sangjaeseo/BlueforgeProjects/알카노이드/node_modules/@rollup/rollup-android-arm-eabi'
1310 silly reify ]
1311 verbose reify failed optional dependency /Users/sangjaeseo/BlueforgeProjects/알카노이드/node_modules/@esbuild/win32-x64
1312 silly reify mark deleted [
1312 silly reify   '/Users/sangjaeseo/BlueforgeProjects/알카노이드/node_modules/@esbuild/win32-x64'
1312 silly reify ]
1313 verbose reify failed optional dependency /Users/sangjaeseo/BlueforgeProjects/알카노이드/node_modules/@esbuild/win32-ia32
1314 silly reify mark deleted [
1314 silly reify   '/Users/sangjaeseo/BlueforgeProjects/알카노이드/node_modules/@esbuild/win32-ia32'
1314 silly reify ]
1315 verbose reify failed optional dependency /Users/sangjaeseo/BlueforgeProjects/알카노이드/node_modules/@esbuild/win32-arm64
1316 silly reify mark deleted [
1316 silly reify   '/Users/sangjaeseo/BlueforgeProjects/알카노이드/node_modules/@esbuild/win32-arm64'
1316 silly reify ]
1317 verbose reify failed optional dependency /Users/sangjaeseo/BlueforgeProjects/알카노이드/node_modules/@esbuild/sunos-x64
1318 silly reify mark deleted [
1318 silly reify   '/Users/sangjaeseo/BlueforgeProjects/알카노이드/node_modules/@esbuild/sunos-x64'
1318 silly reify ]
1319 verbose reify failed optional dependency /Users/sangjaeseo/BlueforgeProjects/알카노이드/node_modules/@esbuild/openbsd-x64
1320 silly reify mark deleted [
1320 silly reify   '/Users/sangjaeseo/BlueforgeProjects/알카노이드/node_modules/@esbuild/openbsd-x64'
1320 silly reify ]
1321 verbose reify failed optional dependency /Users/sangjaeseo/BlueforgeProjects/알카노이드/node_modules/@esbuild/netbsd-x64
1322 silly reify mark deleted [
1322 silly reify   '/Users/sangjaeseo/BlueforgeProjects/알카노이드/node_modules/@esbuild/netbsd-x64'
1322 silly reify ]
1323 verbose reify failed optional dependency /Users/sangjaeseo/BlueforgeProjects/알카노이드/node_modules/@esbuild/linux-x64
1324 silly reify mark deleted [
1324 silly reify   '/Users/sangjaeseo/BlueforgeProjects/알카노이드/node_modules/@esbuild/linux-x64'
1324 silly reify ]
1325 verbose reify failed optional dependency /Users/sangjaeseo/BlueforgeProjects/알카노이드/node_modules/@esbuild/linux-s390x
1326 silly reify mark deleted [
1326 silly reify   '/Users/sangjaeseo/BlueforgeProjects/알카노이드/node_modules/@esbuild/linux-s390x'
1326 silly reify ]
1327 verbose reify failed optional dependency /Users/sangjaeseo/BlueforgeProjects/알카노이드/node_modules/@esbuild/linux-riscv64
1328 silly reify mark deleted [
1328 silly reify   '/Users/sangjaeseo/BlueforgeProjects/알카노이드/node_modules/@esbuild/linux-riscv64'
1328 silly reify ]
1329 verbose reify failed optional dependency /Users/sangjaeseo/BlueforgeProjects/알카노이드/node_modules/@esbuild/linux-ppc64
1330 silly reify mark deleted [
1330 silly reify   '/Users/sangjaeseo/BlueforgeProjects/알카노이드/node_modules/@esbuild/linux-ppc64'
1330 silly reify ]
1331 verbose reify failed optional dependency /Users/sangjaeseo/BlueforgeProjects/알카노이드/node_modules/@esbuild/linux-mips64el
1332 silly reify mark deleted [
1332 silly reify   '/Users/sangjaeseo/BlueforgeProjects/알카노이드/node_modules/@esbuild/linux-mips64el'
1332 silly reify ]
1333 verbose reify failed optional dependency /Users/sangjaeseo/BlueforgeProjects/알카노이드/node_modules/@esbuild/linux-loong64
1334 silly reify mark deleted [
1334 silly reify   '/Users/sangjaeseo/BlueforgeProjects/알카노이드/node_modules/@esbuild/linux-loong64'
1334 silly reify ]
1335 verbose reify failed optional dependency /Users/sangjaeseo/BlueforgeProjects/알카노이드/node_modules/@esbuild/linux-ia32
1336 silly reify mark deleted [
1336 silly reify   '/Users/sangjaeseo/BlueforgeProjects/알카노이드/node_modules/@esbuild/linux-ia32'
1336 silly reify ]
1337 verbose reify failed optional dependency /Users/sangjaeseo/BlueforgeProjects/알카노이드/node_modules/@esbuild/linux-arm64
1338 silly reify mark deleted [
1338 silly reify   '/Users/sangjaeseo/BlueforgeProjects/알카노이드/node_modules/@esbuild/linux-arm64'
1338 silly reify ]
1339 verbose reify failed optional dependency /Users/sangjaeseo/BlueforgeProjects/알카노이드/node_modules/@esbuild/linux-arm
1340 silly reify mark deleted [
1340 silly reify   '/Users/sangjaeseo/BlueforgeProjects/알카노이드/node_modules/@esbuild/linux-arm'
1340 silly reify ]
1341 verbose reify failed optional dependency /Users/sangjaeseo/BlueforgeProjects/알카노이드/node_modules/@esbuild/freebsd-x64
1342 silly reify mark deleted [
1342 silly reify   '/Users/sangjaeseo/BlueforgeProjects/알카노이드/node_modules/@esbuild/freebsd-x64'
1342 silly reify ]
1343 verbose reify failed optional dependency /Users/sangjaeseo/BlueforgeProjects/알카노이드/node_modules/@esbuild/freebsd-arm64
1344 silly reify mark deleted [
1344 silly reify   '/Users/sangjaeseo/BlueforgeProjects/알카노이드/node_modules/@esbuild/freebsd-arm64'
1344 silly reify ]
1345 verbose reify failed optional dependency /Users/sangjaeseo/BlueforgeProjects/알카노이드/node_modules/@esbuild/darwin-x64
1346 silly reify mark deleted [
1346 silly reify   '/Users/sangjaeseo/BlueforgeProjects/알카노이드/node_modules/@esbuild/darwin-x64'
1346 silly reify ]
1347 verbose reify failed optional dependency /Users/sangjaeseo/BlueforgeProjects/알카노이드/node_modules/@esbuild/android-x64
1348 silly reify mark deleted [
1348 silly reify   '/Users/sangjaeseo/BlueforgeProjects/알카노이드/node_modules/@esbuild/android-x64'
1348 silly reify ]
1349 verbose reify failed optional dependency /Users/sangjaeseo/BlueforgeProjects/알카노이드/node_modules/@esbuild/android-arm64
1350 silly reify mark deleted [
1350 silly reify   '/Users/sangjaeseo/BlueforgeProjects/알카노이드/node_modules/@esbuild/android-arm64'
1350 silly reify ]
1351 verbose reify failed optional dependency /Users/sangjaeseo/BlueforgeProjects/알카노이드/node_modules/@esbuild/android-arm
1352 silly reify mark deleted [
1352 silly reify   '/Users/sangjaeseo/BlueforgeProjects/알카노이드/node_modules/@esbuild/android-arm'
1352 silly reify ]
1353 verbose reify failed optional dependency /Users/sangjaeseo/BlueforgeProjects/알카노이드/node_modules/@esbuild/aix-ppc64
1354 silly reify mark deleted [
1354 silly reify   '/Users/sangjaeseo/BlueforgeProjects/알카노이드/node_modules/@esbuild/aix-ppc64'
1354 silly reify ]
1355 timing reifyNode:node_modules/@rollup/rollup-win32-x64-msvc Completed in 12ms
1356 timing reifyNode:node_modules/@rollup/rollup-win32-x64-gnu Completed in 12ms
1357 timing reifyNode:node_modules/@rollup/rollup-win32-ia32-msvc Completed in 12ms
1358 timing reifyNode:node_modules/@rollup/rollup-win32-arm64-msvc Completed in 13ms
1359 timing reifyNode:node_modules/@rollup/rollup-openharmony-arm64 Completed in 13ms
1360 timing reifyNode:node_modules/@rollup/rollup-openbsd-x64 Completed in 13ms
1361 timing reifyNode:node_modules/@rollup/rollup-linux-x64-musl Completed in 13ms
1362 timing reifyNode:node_modules/@rollup/rollup-linux-x64-gnu Completed in 13ms
1363 timing reifyNode:node_modules/@rollup/rollup-linux-s390x-gnu Completed in 13ms
1364 timing reifyNode:node_modules/@rollup/rollup-linux-riscv64-musl Completed in 13ms
1365 timing reifyNode:node_modules/@rollup/rollup-linux-riscv64-gnu Completed in 13ms
1366 timing reifyNode:node_modules/@rollup/rollup-linux-ppc64-musl Completed in 13ms
1367 timing reifyNode:node_modules/@rollup/rollup-linux-ppc64-gnu Completed in 13ms
1368 timing reifyNode:node_modules/@rollup/rollup-linux-loong64-musl Completed in 13ms
1369 timing reifyNode:node_modules/@rollup/rollup-linux-loong64-gnu Completed in 13ms
1370 timing reifyNode:node_modules/@rollup/rollup-linux-arm64-musl Completed in 13ms
1371 timing reifyNode:node_modules/@rollup/rollup-linux-arm64-gnu Completed in 13ms
1372 timing reifyNode:node_modules/@rollup/rollup-linux-arm-musleabihf Completed in 13ms
1373 timing reifyNode:node_modules/@rollup/rollup-linux-arm-gnueabihf Completed in 13ms
1374 timing reifyNode:node_modules/@rollup/rollup-freebsd-x64 Completed in 13ms
1375 timing reifyNode:node_modules/@rollup/rollup-freebsd-arm64 Completed in 13ms
1376 timing reifyNode:node_modules/@rollup/rollup-darwin-x64 Completed in 13ms
1377 timing reifyNode:node_modules/@rollup/rollup-android-arm64 Completed in 13ms
1378 timing reifyNode:node_modules/@rollup/rollup-android-arm-eabi Completed in 13ms
1379 timing reifyNode:node_modules/@esbuild/win32-x64 Completed in 13ms
1380 timing reifyNode:node_modules/@esbuild/win32-ia32 Completed in 13ms
1381 timing reifyNode:node_modules/@esbuild/win32-arm64 Completed in 13ms
1382 timing reifyNode:node_modules/@esbuild/sunos-x64 Completed in 13ms
1383 timing reifyNode:node_modules/@esbuild/openbsd-x64 Completed in 13ms
1384 timing reifyNode:node_modules/@esbuild/netbsd-x64 Completed in 13ms
1385 timing reifyNode:node_modules/@esbuild/linux-x64 Completed in 13ms
1386 timing reifyNode:node_modules/@esbuild/linux-s390x Completed in 13ms
1387 timing reifyNode:node_modules/@esbuild/linux-riscv64 Completed in 13ms
1388 timing reifyNode:node_modules/@esbuild/linux-ppc64 Completed in 13ms
1389 timing reifyNode:node_modules/@esbuild/linux-mips64el Completed in 13ms
1390 timing reifyNode:node_modules/@esbuild/linux-loong64 Completed in 13ms
1391 timing reifyNode:node_modules/@esbuild/linux-ia32 Completed in 13ms
1392 timing reifyNode:node_modules/@esbuild/linux-arm64 Completed in 13ms
1393 timing reifyNode:node_modules/@esbuild/linux-arm Completed in 13ms
1394 timing reifyNode:node_modules/@esbuild/freebsd-x64 Completed in 13ms
1395 timing reifyNode:node_modules/@esbuild/freebsd-arm64 Completed in 13ms
1396 timing reifyNode:node_modules/@esbuild/darwin-x64 Completed in 13ms
1397 timing reifyNode:node_modules/@esbuild/android-x64 Completed in 13ms
1398 timing reifyNode:node_modules/@esbuild/android-arm64 Completed in 13ms
1399 timing reifyNode:node_modules/@esbuild/android-arm Completed in 13ms
1400 timing reifyNode:node_modules/@esbuild/aix-ppc64 Completed in 13ms
1401 silly tarball no local data for isexe@https://registry.npmjs.org/isexe/-/isexe-2.0.0.tgz. Extracting by manifest.
1402 silly tarball no local data for @rollup/rollup-darwin-arm64@https://registry.npmjs.org/@rollup/rollup-darwin-arm64/-/rollup-darwin-arm64-4.60.0.tgz. Extracting by manifest.
1403 silly tarball no local data for @types/estree@https://registry.npmjs.org/@types/estree/-/estree-1.0.8.tgz. Extracting by manifest.
1404 silly tarball no local data for rollup@https://registry.npmjs.org/rollup/-/rollup-4.60.0.tgz. Extracting by manifest.
1405 silly tarball no local data for @esbuild/darwin-arm64@https://registry.npmjs.org/@esbuild/darwin-arm64/-/darwin-arm64-0.21.5.tgz. Extracting by manifest.
1406 silly tarball no local data for esbuild@https://registry.npmjs.org/esbuild/-/esbuild-0.21.5.tgz. Extracting by manifest.
1407 silly tarball no local data for punycode@https://registry.npmjs.org/punycode/-/punycode-2.3.1.tgz. Extracting by manifest.
1408 silly tarball no local data for is-number@https://registry.npmjs.org/is-number/-/is-number-7.0.0.tgz. Extracting by manifest.
1409 silly tarball no local data for escalade@https://registry.npmjs.org/escalade/-/escalade-3.2.0.tgz. Extracting by manifest.
1410 silly tarball no local data for thenify@https://registry.npmjs.org/thenify/-/thenify-3.3.1.tgz. Extracting by manifest.
1411 silly tarball no local data for any-promise@https://registry.npmjs.org/any-promise/-/any-promise-1.3.0.tgz. Extracting by manifest.
1412 silly tarball no local data for pirates@https://registry.npmjs.org/pirates/-/pirates-4.0.7.tgz. Extracting by manifest.
1413 silly tarball no local data for ts-interface-checker@https://registry.npmjs.org/ts-interface-checker/-/ts-interface-checker-0.1.13.tgz. Extracting by manifest.
1414 silly tarball no local data for object-assign@https://registry.npmjs.org/object-assign/-/object-assign-4.1.1.tgz. Extracting by manifest.
1415 silly tarball no local data for tinyglobby@https://registry.npmjs.org/tinyglobby/-/tinyglobby-0.2.15.tgz. Extracting by manifest.
1416 silly tarball no local data for thenify-all@https://registry.npmjs.org/thenify-all/-/thenify-all-1.6.0.tgz. Extracting by manifest.
1417 silly tarball no local data for mz@https://registry.npmjs.org/mz/-/mz-2.7.0.tgz. Extracting by manifest.
1418 silly tarball no local data for commander@https://registry.npmjs.org/commander/-/commander-4.1.1.tgz. Extracting by manifest.
1419 silly tarball no local data for function-bind@https://registry.npmjs.org/function-bind/-/function-bind-1.1.2.tgz. Extracting by manifest.
1420 silly tarball no local data for hasown@https://registry.npmjs.org/hasown/-/hasown-2.0.2.tgz. Extracting by manifest.
1421 silly tarball no local data for concat-map@https://registry.npmjs.org/concat-map/-/concat-map-0.0.1.tgz. Extracting by manifest.
1422 silly tarball no local data for supports-preserve-symlinks-flag@https://registry.npmjs.org/supports-preserve-symlinks-flag/-/supports-preserve-symlinks-flag-1.0.0.tgz. Extracting by manifest.
1423 silly tarball no local data for path-parse@https://registry.npmjs.org/path-parse/-/path-parse-1.0.7.tgz. Extracting by manifest.
1424 silly tarball no local data for lines-and-columns@https://registry.npmjs.org/lines-and-columns/-/lines-and-columns-1.2.4.tgz. Extracting by manifest.
1425 silly tarball no local data for pify@https://registry.npmjs.org/pify/-/pify-2.3.0.tgz. Extracting by manifest.
1426 silly tarball no local data for read-cache@https://registry.npmjs.org/read-cache/-/read-cache-1.0.0.tgz. Extracting by manifest.
1427 silly tarball no local data for util-deprecate@https://registry.npmjs.org/util-deprecate/-/util-deprecate-1.0.2.tgz. Extracting by manifest.
1428 silly tarball no local data for cssesc@https://registry.npmjs.org/cssesc/-/cssesc-3.0.0.tgz. Extracting by manifest.
1429 silly tarball no local data for readdirp@https://registry.npmjs.org/readdirp/-/readdirp-3.6.0.tgz. Extracting by manifest.
1430 silly tarball no local data for is-binary-path@https://registry.npmjs.org/is-binary-path/-/is-binary-path-2.1.0.tgz. Extracting by manifest.
1431 silly tarball no local data for fsevents@https://registry.npmjs.org/fsevents/-/fsevents-2.3.3.tgz. Extracting by manifest.
1432 silly tarball no local data for sucrase@https://registry.npmjs.org/sucrase/-/sucrase-3.35.1.tgz. Extracting by manifest.
1433 silly tarball no local data for anymatch@https://registry.npmjs.org/anymatch/-/anymatch-3.1.3.tgz. Extracting by manifest.
1434 silly tarball no local data for is-core-module@https://registry.npmjs.org/is-core-module/-/is-core-module-2.16.1.tgz. Extracting by manifest.
1435 silly tarball no local data for resolve@https://registry.npmjs.org/resolve/-/resolve-1.22.11.tgz. Extracting by manifest.
1436 silly tarball no local data for postcss-selector-parser@https://registry.npmjs.org/postcss-selector-parser/-/postcss-selector-parser-6.1.2.tgz. Extracting by manifest.
1437 silly tarball no local data for postcss-load-config@https://registry.npmjs.org/postcss-load-config/-/postcss-load-config-6.0.1.tgz. Extracting by manifest.
1438 silly tarball no local data for postcss-nested@https://registry.npmjs.org/postcss-nested/-/postcss-nested-6.2.0.tgz. Extracting by manifest.
1439 silly tarball no local data for postcss-js@https://registry.npmjs.org/postcss-js/-/postcss-js-4.1.0.tgz. Extracting by manifest.
1440 silly tarball no local data for postcss-import@https://registry.npmjs.org/postcss-import/-/postcss-import-15.1.0.tgz. Extracting by manifest.
1441 silly tarball no local data for object-hash@https://registry.npmjs.org/object-hash/-/object-hash-3.0.0.tgz. Extracting by manifest.
1442 silly tarball no local data for binary-extensions@https://registry.npmjs.org/binary-extensions/-/binary-extensions-2.3.0.tgz. Extracting by manifest.
1443 silly tarball no local data for normalize-path@https://registry.npmjs.org/normalize-path/-/normalize-path-3.0.0.tgz. Extracting by manifest.
1444 silly tarball no local data for jiti@https://registry.npmjs.org/jiti/-/jiti-1.21.7.tgz. Extracting by manifest.
1445 silly tarball no local data for dlv@https://registry.npmjs.org/dlv/-/dlv-1.1.3.tgz. Extracting by manifest.
1446 silly tarball no local data for didyoumean@https://registry.npmjs.org/didyoumean/-/didyoumean-1.2.2.tgz. Extracting by manifest.
1447 silly tarball no local data for lilconfig@https://registry.npmjs.org/lilconfig/-/lilconfig-3.1.3.tgz. Extracting by manifest.
1448 silly tarball no local data for chokidar@https://registry.npmjs.org/chokidar/-/chokidar-3.6.0.tgz. Extracting by manifest.
1449 silly tarball no local data for @alloc/quick-lru@https://registry.npmjs.org/@alloc/quick-lru/-/quick-lru-5.2.0.tgz. Extracting by manifest.
1450 silly tarball no local data for ansi-regex@https://registry.npmjs.org/ansi-regex/-/ansi-regex-5.0.1.tgz. Extracting by manifest.
1451 silly tarball no local data for has-flag@https://registry.npmjs.org/has-flag/-/has-flag-4.0.0.tgz. Extracting by manifest.
1452 silly tarball no local data for shebang-regex@https://registry.npmjs.org/shebang-regex/-/shebang-regex-3.0.0.tgz. Extracting by manifest.
1453 silly tarball no local data for arg@https://registry.npmjs.org/arg/-/arg-5.0.2.tgz. Extracting by manifest.
1454 silly tarball no local data for camelcase-css@https://registry.npmjs.org/camelcase-css/-/camelcase-css-2.0.1.tgz. Extracting by manifest.
1455 silly tarball no local data for once@https://registry.npmjs.org/once/-/once-1.4.0.tgz. Extracting by manifest.
1456 silly tarball no local data for scheduler@https://registry.npmjs.org/scheduler/-/scheduler-0.23.2.tgz. Extracting by manifest.
1457 silly tarball no local data for inherits@https://registry.npmjs.org/inherits/-/inherits-2.0.4.tgz. Extracting by manifest.
1458 silly tarball no local data for queue-microtask@https://registry.npmjs.org/queue-microtask/-/queue-microtask-1.2.3.tgz. Extracting by manifest.
1459 silly tarball no local data for inflight@https://registry.npmjs.org/inflight/-/inflight-1.0.6.tgz. Extracting by manifest.
1460 silly tarball no local data for path-is-absolute@https://registry.npmjs.org/path-is-absolute/-/path-is-absolute-1.0.1.tgz. Extracting by manifest.
1461 silly tarball no local data for loose-envify@https://registry.npmjs.org/loose-envify/-/loose-envify-1.4.0.tgz. Extracting by manifest.
1462 silly tarball no local data for wrappy@https://registry.npmjs.org/wrappy/-/wrappy-1.0.2.tgz. Extracting by manifest.
1463 silly tarball no local data for yocto-queue@https://registry.npmjs.org/yocto-queue/-/yocto-queue-0.1.0.tgz. Extracting by manifest.
1464 silly tarball no local data for callsites@https://registry.npmjs.org/callsites/-/callsites-3.1.0.tgz. Extracting by manifest.
1465 silly tarball no local data for nanoid@https://registry.npmjs.org/nanoid/-/nanoid-3.3.11.tgz. Extracting by manifest.
1466 silly tarball no local data for p-limit@https://registry.npmjs.org/p-limit/-/p-limit-3.1.0.tgz. Extracting by manifest.
1467 silly tarball no local data for fast-levenshtein@https://registry.npmjs.org/fast-levenshtein/-/fast-levenshtein-2.0.6.tgz. Extracting by manifest.
1468 silly tarball no local data for deep-is@https://registry.npmjs.org/deep-is/-/deep-is-0.1.4.tgz. Extracting by manifest.
1469 silly tarball no local data for balanced-match@https://registry.npmjs.org/balanced-match/-/balanced-match-1.0.2.tgz. Extracting by manifest.
1470 silly tarball no local data for glob@https://registry.npmjs.org/glob/-/glob-7.2.3.tgz. Extracting by manifest.
1471 silly tarball no local data for source-map-js@https://registry.npmjs.org/source-map-js/-/source-map-js-1.2.1.tgz. Extracting by manifest.
1472 silly tarball no local data for brace-expansion@https://registry.npmjs.org/brace-expansion/-/brace-expansion-2.0.3.tgz. Extracting by manifest.
1473 silly tarball no local data for to-regex-range@https://registry.npmjs.org/to-regex-range/-/to-regex-range-5.0.1.tgz. Extracting by manifest.
1474 silly tarball no local data for word-wrap@https://registry.npmjs.org/word-wrap/-/word-wrap-1.2.5.tgz. Extracting by manifest.
1475 silly tarball no local data for braces@https://registry.npmjs.org/braces/-/braces-3.0.3.tgz. Extracting by manifest.
1476 silly tarball no local data for yallist@https://registry.npmjs.org/yallist/-/yallist-3.1.1.tgz. Extracting by manifest.
1477 silly tarball no local data for fs.realpath@https://registry.npmjs.org/fs.realpath/-/fs.realpath-1.0.0.tgz. Extracting by manifest.
1478 silly tarball no local data for fill-range@https://registry.npmjs.org/fill-range/-/fill-range-7.1.1.tgz. Extracting by manifest.
1479 silly tarball no local data for prelude-ls@https://registry.npmjs.org/prelude-ls/-/prelude-ls-1.2.1.tgz. Extracting by manifest.
1480 silly tarball no local data for json-buffer@https://registry.npmjs.org/json-buffer/-/json-buffer-3.0.1.tgz. Extracting by manifest.
1481 silly tarball no local data for p-locate@https://registry.npmjs.org/p-locate/-/p-locate-5.0.0.tgz. Extracting by manifest.
1482 silly tarball no local data for is-extglob@https://registry.npmjs.org/is-extglob/-/is-extglob-2.1.1.tgz. Extracting by manifest.
1483 silly tarball no local data for argparse@https://registry.npmjs.org/argparse/-/argparse-2.0.1.tgz. Extracting by manifest.
1484 silly tarball no local data for resolve-from@https://registry.npmjs.org/resolve-from/-/resolve-from-4.0.0.tgz. Extracting by manifest.
1485 silly tarball no local data for path-type@https://registry.npmjs.org/path-type/-/path-type-4.0.0.tgz. Extracting by manifest.
1486 silly tarball no local data for parent-module@https://registry.npmjs.org/parent-module/-/parent-module-1.0.1.tgz. Extracting by manifest.
1487 silly tarball no local data for micromatch@https://registry.npmjs.org/micromatch/-/micromatch-4.0.8.tgz. Extracting by manifest.
1488 silly tarball no local data for type-check@https://registry.npmjs.org/type-check/-/type-check-0.4.0.tgz. Extracting by manifest.
1489 silly tarball no local data for merge2@https://registry.npmjs.org/merge2/-/merge2-1.4.1.tgz. Extracting by manifest.
1490 silly tarball no local data for picomatch@https://registry.npmjs.org/picomatch/-/picomatch-2.3.2.tgz. Extracting by manifest.
1491 silly tarball no local data for fast-glob@https://registry.npmjs.org/fast-glob/-/fast-glob-3.3.3.tgz. Extracting by manifest.
1492 silly tarball no local data for slash@https://registry.npmjs.org/slash/-/slash-3.0.0.tgz. Extracting by manifest.
1493 silly tarball no local data for dir-glob@https://registry.npmjs.org/dir-glob/-/dir-glob-3.0.1.tgz. Extracting by manifest.
1494 silly tarball no local data for keyv@https://registry.npmjs.org/keyv/-/keyv-4.5.4.tgz. Extracting by manifest.
1495 silly tarball no local data for array-union@https://registry.npmjs.org/array-union/-/array-union-2.1.0.tgz. Extracting by manifest.
1496 silly tarball no local data for path-exists@https://registry.npmjs.org/path-exists/-/path-exists-4.0.0.tgz. Extracting by manifest.
1497 silly tarball no local data for type-fest@https://registry.npmjs.org/type-fest/-/type-fest-0.20.2.tgz. Extracting by manifest.
1498 silly tarball no local data for locate-path@https://registry.npmjs.org/locate-path/-/locate-path-6.0.0.tgz. Extracting by manifest.
1499 silly tarball no local data for flatted@https://registry.npmjs.org/flatted/-/flatted-3.4.2.tgz. Extracting by manifest.
1500 silly tarball no local data for reusify@https://registry.npmjs.org/reusify/-/reusify-1.1.0.tgz. Extracting by manifest.
1501 silly tarball no local data for acorn-jsx@https://registry.npmjs.org/acorn-jsx/-/acorn-jsx-5.3.2.tgz. Extracting by manifest.
1502 silly tarball no local data for esrecurse@https://registry.npmjs.org/esrecurse/-/esrecurse-4.3.0.tgz. Extracting by manifest.
1503 silly tarball no local data for rimraf@https://registry.npmjs.org/rimraf/-/rimraf-3.0.2.tgz. Extracting by manifest.
1504 silly tarball no local data for which@https://registry.npmjs.org/which/-/which-2.0.2.tgz. Extracting by manifest.
1505 silly tarball no local data for flat-cache@https://registry.npmjs.org/flat-cache/-/flat-cache-3.2.0.tgz. Extracting by manifest.
1506 silly tarball no local data for estraverse@https://registry.npmjs.org/estraverse/-/estraverse-5.3.0.tgz. Extracting by manifest.
1507 silly tarball no local data for acorn@https://registry.npmjs.org/acorn/-/acorn-8.16.0.tgz. Extracting by manifest.
1508 silly tarball no local data for path-key@https://registry.npmjs.org/path-key/-/path-key-3.1.1.tgz. Extracting by manifest.
1509 silly tarball no local data for color-convert@https://registry.npmjs.org/color-convert/-/color-convert-2.0.1.tgz. Extracting by manifest.
1510 silly tarball no local data for json-schema-traverse@https://registry.npmjs.org/json-schema-traverse/-/json-schema-traverse-0.4.1.tgz. Extracting by manifest.
1511 silly tarball no local data for shebang-command@https://registry.npmjs.org/shebang-command/-/shebang-command-2.0.0.tgz. Extracting by manifest.
1512 silly tarball no local data for color-name@https://registry.npmjs.org/color-name/-/color-name-1.1.4.tgz. Extracting by manifest.
1513 silly tarball no local data for fast-json-stable-stringify@https://registry.npmjs.org/fast-json-stable-stringify/-/fast-json-stable-stringify-2.1.0.tgz. Extracting by manifest.
1514 silly tarball no local data for uri-js@https://registry.npmjs.org/uri-js/-/uri-js-4.4.1.tgz. Extracting by manifest.
1515 silly tarball no local data for @nodelib/fs.stat@https://registry.npmjs.org/@nodelib/fs.stat/-/fs.stat-2.0.5.tgz. Extracting by manifest.
1516 silly tarball no local data for fastq@https://registry.npmjs.org/fastq/-/fastq-1.20.1.tgz. Extracting by manifest.
1517 silly tarball no local data for ansi-styles@https://registry.npmjs.org/ansi-styles/-/ansi-styles-4.3.0.tgz. Extracting by manifest.
1518 silly tarball no local data for supports-color@https://registry.npmjs.org/supports-color/-/supports-color-7.2.0.tgz. Extracting by manifest.
1519 silly tarball no local data for @humanwhocodes/object-schema@https://registry.npmjs.org/@humanwhocodes/object-schema/-/object-schema-2.0.3.tgz. Extracting by manifest.
1520 silly tarball no local data for strip-json-comments@https://registry.npmjs.org/strip-json-comments/-/strip-json-comments-3.1.1.tgz. Extracting by manifest.
1521 silly tarball no local data for import-fresh@https://registry.npmjs.org/import-fresh/-/import-fresh-3.3.1.tgz. Extracting by manifest.
1522 silly tarball no local data for text-table@https://registry.npmjs.org/text-table/-/text-table-0.2.0.tgz. Extracting by manifest.
1523 silly tarball no local data for run-parallel@https://registry.npmjs.org/run-parallel/-/run-parallel-1.2.0.tgz. Extracting by manifest.
1524 silly tarball no local data for strip-ansi@https://registry.npmjs.org/strip-ansi/-/strip-ansi-6.0.1.tgz. Extracting by manifest.
1525 silly tarball no local data for optionator@https://registry.npmjs.org/optionator/-/optionator-0.9.4.tgz. Extracting by manifest.
1526 silly tarball no local data for levn@https://registry.npmjs.org/levn/-/levn-0.4.1.tgz. Extracting by manifest.
1527 silly tarball no local data for lodash.merge@https://registry.npmjs.org/lodash.merge/-/lodash.merge-4.6.2.tgz. Extracting by manifest.
1528 silly tarball no local data for json-stable-stringify-without-jsonify@https://registry.npmjs.org/json-stable-stringify-without-jsonify/-/json-stable-stringify-without-jsonify-1.0.1.tgz. Extracting by manifest.
1529 silly tarball no local data for js-yaml@https://registry.npmjs.org/js-yaml/-/js-yaml-4.1.1.tgz. Extracting by manifest.
1530 silly tarball no local data for is-path-inside@https://registry.npmjs.org/is-path-inside/-/is-path-inside-3.0.3.tgz. Extracting by manifest.
1531 silly tarball no local data for imurmurhash@https://registry.npmjs.org/imurmurhash/-/imurmurhash-0.1.4.tgz. Extracting by manifest.
1532 silly tarball no local data for globals@https://registry.npmjs.org/globals/-/globals-13.24.0.tgz. Extracting by manifest.
1533 silly tarball no local data for glob-parent@https://registry.npmjs.org/glob-parent/-/glob-parent-6.0.2.tgz. Extracting by manifest.
1534 silly tarball no local data for find-up@https://registry.npmjs.org/find-up/-/find-up-5.0.0.tgz. Extracting by manifest.
1535 silly tarball no local data for esutils@https://registry.npmjs.org/esutils/-/esutils-2.0.3.tgz. Extracting by manifest.
1536 silly tarball no local data for file-entry-cache@https://registry.npmjs.org/file-entry-cache/-/file-entry-cache-6.0.1.tgz. Extracting by manifest.
1537 silly tarball no local data for espree@https://registry.npmjs.org/espree/-/espree-9.6.1.tgz. Extracting by manifest.
1538 silly tarball no local data for @nodelib/fs.scandir@https://registry.npmjs.org/@nodelib/fs.scandir/-/fs.scandir-2.1.5.tgz. Extracting by manifest.
1539 silly tarball no local data for eslint-scope@https://registry.npmjs.org/eslint-scope/-/eslint-scope-7.2.2.tgz. Extracting by manifest.
1540 silly tarball no local data for escape-string-regexp@https://registry.npmjs.org/escape-string-regexp/-/escape-string-regexp-4.0.0.tgz. Extracting by manifest.
1541 silly tarball no local data for fast-deep-equal@https://registry.npmjs.org/fast-deep-equal/-/fast-deep-equal-3.1.3.tgz. Extracting by manifest.
1542 silly tarball no local data for doctrine@https://registry.npmjs.org/doctrine/-/doctrine-3.0.0.tgz. Extracting by manifest.
1543 silly tarball no local data for cross-spawn@https://registry.npmjs.org/cross-spawn/-/cross-spawn-7.0.6.tgz. Extracting by manifest.
1544 silly tarball no local data for ajv@https://registry.npmjs.org/ajv/-/ajv-6.14.0.tgz. Extracting by manifest.
1545 silly tarball no local data for @ungap/structured-clone@https://registry.npmjs.org/@ungap/structured-clone/-/structured-clone-1.3.0.tgz. Extracting by manifest.
1546 silly tarball no local data for @nodelib/fs.walk@https://registry.npmjs.org/@nodelib/fs.walk/-/fs.walk-1.2.8.tgz. Extracting by manifest.
1547 silly tarball no local data for @humanwhocodes/module-importer@https://registry.npmjs.org/@humanwhocodes/module-importer/-/module-importer-1.0.1.tgz. Extracting by manifest.
1548 silly tarball no local data for @humanwhocodes/config-array@https://registry.npmjs.org/@humanwhocodes/config-array/-/config-array-0.13.0.tgz. Extracting by manifest.
1549 silly tarball no local data for @eslint/js@https://registry.npmjs.org/@eslint/js/-/js-8.57.1.tgz. Extracting by manifest.
1550 silly tarball no local data for ms@https://registry.npmjs.org/ms/-/ms-2.1.3.tgz. Extracting by manifest.
1551 silly tarball no local data for chalk@https://registry.npmjs.org/chalk/-/chalk-4.1.2.tgz. Extracting by manifest.
1552 silly tarball no local data for esquery@https://registry.npmjs.org/esquery/-/esquery-1.7.0.tgz. Extracting by manifest.
1553 silly tarball no local data for electron-to-chromium@https://registry.npmjs.org/electron-to-chromium/-/electron-to-chromium-1.5.328.tgz. Extracting by manifest.
1554 silly tarball no local data for node-releases@https://registry.npmjs.org/node-releases/-/node-releases-2.0.36.tgz. Extracting by manifest.
1555 silly tarball no local data for postcss-value-parser@https://registry.npmjs.org/postcss-value-parser/-/postcss-value-parser-4.2.0.tgz. Extracting by manifest.
1556 silly tarball no local data for baseline-browser-mapping@https://registry.npmjs.org/baseline-browser-mapping/-/baseline-browser-mapping-2.10.12.tgz. Extracting by manifest.
1557 silly tarball no local data for fraction.js@https://registry.npmjs.org/fraction.js/-/fraction.js-5.3.4.tgz. Extracting by manifest.
1558 silly tarball no local data for @types/babel__traverse@https://registry.npmjs.org/@types/babel__traverse/-/babel__traverse-7.28.0.tgz. Extracting by manifest.
1559 silly tarball no local data for @eslint/eslintrc@https://registry.npmjs.org/@eslint/eslintrc/-/eslintrc-2.1.4.tgz. Extracting by manifest.
1560 silly tarball no local data for caniuse-lite@https://registry.npmjs.org/caniuse-lite/-/caniuse-lite-1.0.30001782.tgz. Extracting by manifest.
1561 silly tarball no local data for @jridgewell/resolve-uri@https://registry.npmjs.org/@jridgewell/resolve-uri/-/resolve-uri-3.1.2.tgz. Extracting by manifest.
1562 silly tarball no local data for @types/babel__generator@https://registry.npmjs.org/@types/babel__generator/-/babel__generator-7.27.0.tgz. Extracting by manifest.
1563 silly tarball no local data for @jridgewell/sourcemap-codec@https://registry.npmjs.org/@jridgewell/sourcemap-codec/-/sourcemap-codec-1.5.5.tgz. Extracting by manifest.
1564 silly tarball no local data for @types/babel__template@https://registry.npmjs.org/@types/babel__template/-/babel__template-7.4.4.tgz. Extracting by manifest.
1565 silly tarball no local data for @babel/helper-string-parser@https://registry.npmjs.org/@babel/helper-string-parser/-/helper-string-parser-7.27.1.tgz. Extracting by manifest.
1566 silly tarball no local data for @babel/helper-plugin-utils@https://registry.npmjs.org/@babel/helper-plugin-utils/-/helper-plugin-utils-7.28.6.tgz. Extracting by manifest.
1567 silly tarball no local data for update-browserslist-db@https://registry.npmjs.org/update-browserslist-db/-/update-browserslist-db-1.2.3.tgz. Extracting by manifest.
1568 silly tarball no local data for @babel/helper-globals@https://registry.npmjs.org/@babel/helper-globals/-/helper-globals-7.28.0.tgz. Extracting by manifest.
1569 silly tarball no local data for browserslist@https://registry.npmjs.org/browserslist/-/browserslist-4.28.1.tgz. Extracting by manifest.
1570 silly tarball no local data for @babel/helper-validator-option@https://registry.npmjs.org/@babel/helper-validator-option/-/helper-validator-option-7.27.1.tgz. Extracting by manifest.
1571 silly tarball no local data for @babel/helper-module-imports@https://registry.npmjs.org/@babel/helper-module-imports/-/helper-module-imports-7.28.6.tgz. Extracting by manifest.
1572 silly tarball no local data for @babel/compat-data@https://registry.npmjs.org/@babel/compat-data/-/compat-data-7.29.0.tgz. Extracting by manifest.
1573 silly tarball no local data for jsesc@https://registry.npmjs.org/jsesc/-/jsesc-3.1.0.tgz. Extracting by manifest.
1574 silly tarball no local data for @jridgewell/gen-mapping@https://registry.npmjs.org/@jridgewell/gen-mapping/-/gen-mapping-0.3.13.tgz. Extracting by manifest.
1575 silly tarball no local data for picocolors@https://registry.npmjs.org/picocolors/-/picocolors-1.1.1.tgz. Extracting by manifest.
1576 silly tarball no local data for js-tokens@https://registry.npmjs.org/js-tokens/-/js-tokens-4.0.0.tgz. Extracting by manifest.
1577 silly tarball no local data for json5@https://registry.npmjs.org/json5/-/json5-2.2.3.tgz. Extracting by manifest.
1578 silly tarball no local data for @babel/helper-validator-identifier@https://registry.npmjs.org/@babel/helper-validator-identifier/-/helper-validator-identifier-7.28.5.tgz. Extracting by manifest.
1579 silly tarball no local data for lru-cache@https://registry.npmjs.org/lru-cache/-/lru-cache-5.1.1.tgz. Extracting by manifest.
1580 silly tarball no local data for gensync@https://registry.npmjs.org/gensync/-/gensync-1.0.0-beta.2.tgz. Extracting by manifest.
1581 silly tarball no local data for @jridgewell/trace-mapping@https://registry.npmjs.org/@jridgewell/trace-mapping/-/trace-mapping-0.3.31.tgz. Extracting by manifest.
1582 silly tarball no local data for convert-source-map@https://registry.npmjs.org/convert-source-map/-/convert-source-map-2.0.0.tgz. Extracting by manifest.
1583 silly tarball no local data for @jridgewell/remapping@https://registry.npmjs.org/@jridgewell/remapping/-/remapping-2.3.5.tgz. Extracting by manifest.
1584 silly tarball no local data for @babel/traverse@https://registry.npmjs.org/@babel/traverse/-/traverse-7.29.0.tgz. Extracting by manifest.
1585 silly tarball no local data for @babel/parser@https://registry.npmjs.org/@babel/parser/-/parser-7.29.2.tgz. Extracting by manifest.
1586 silly tarball no local data for @babel/helpers@https://registry.npmjs.org/@babel/helpers/-/helpers-7.29.2.tgz. Extracting by manifest.
1587 silly tarball no local data for @babel/helper-module-transforms@https://registry.npmjs.org/@babel/helper-module-transforms/-/helper-module-transforms-7.28.6.tgz. Extracting by manifest.
1588 silly tarball no local data for @babel/helper-compilation-targets@https://registry.npmjs.org/@babel/helper-compilation-targets/-/helper-compilation-targets-7.28.6.tgz. Extracting by manifest.
1589 silly tarball no local data for @babel/generator@https://registry.npmjs.org/@babel/generator/-/generator-7.29.1.tgz. Extracting by manifest.
1590 silly tarball no local data for @babel/code-frame@https://registry.npmjs.org/@babel/code-frame/-/code-frame-7.29.0.tgz. Extracting by manifest.
1591 silly tarball no local data for react-refresh@https://registry.npmjs.org/react-refresh/-/react-refresh-0.17.0.tgz. Extracting by manifest.
1592 silly tarball no local data for @types/babel__core@https://registry.npmjs.org/@types/babel__core/-/babel__core-7.20.5.tgz. Extracting by manifest.
1593 silly tarball no local data for @rolldown/pluginutils@https://registry.npmjs.org/@rolldown/pluginutils/-/pluginutils-1.0.0-beta.27.tgz. Extracting by manifest.
1594 silly tarball no local data for @babel/plugin-transform-react-jsx-source@https://registry.npmjs.org/@babel/plugin-transform-react-jsx-source/-/plugin-transform-react-jsx-source-7.27.1.tgz. Extracting by manifest.
1595 silly tarball no local data for @babel/plugin-transform-react-jsx-self@https://registry.npmjs.org/@babel/plugin-transform-react-jsx-self/-/plugin-transform-react-jsx-self-7.27.1.tgz. Extracting by manifest.
1596 silly tarball no local data for @babel/template@https://registry.npmjs.org/@babel/template/-/template-7.28.6.tgz. Extracting by manifest.
1597 silly tarball no local data for eslint-visitor-keys@https://registry.npmjs.org/eslint-visitor-keys/-/eslint-visitor-keys-3.4.3.tgz. Extracting by manifest.
1598 silly tarball no local data for @babel/types@https://registry.npmjs.org/@babel/types/-/types-7.29.0.tgz. Extracting by manifest.
1599 silly tarball no local data for @types/json-schema@https://registry.npmjs.org/@types/json-schema/-/json-schema-7.0.15.tgz. Extracting by manifest.
1600 silly tarball no local data for @babel/core@https://registry.npmjs.org/@babel/core/-/core-7.29.0.tgz. Extracting by manifest.
1601 silly tarball no local data for @types/semver@https://registry.npmjs.org/@types/semver/-/semver-7.7.1.tgz. Extracting by manifest.
1602 silly tarball no local data for minimatch@https://registry.npmjs.org/minimatch/-/minimatch-9.0.3.tgz. Extracting by manifest.
1603 silly tarball no local data for @eslint-community/eslint-utils@https://registry.npmjs.org/@eslint-community/eslint-utils/-/eslint-utils-4.9.1.tgz. Extracting by manifest.
1604 silly tarball no local data for globby@https://registry.npmjs.org/globby/-/globby-11.1.0.tgz. Extracting by manifest.
1605 silly tarball no local data for @typescript-eslint/types@https://registry.npmjs.org/@typescript-eslint/types/-/types-7.2.0.tgz. Extracting by manifest.
1606 silly tarball no local data for ts-api-utils@https://registry.npmjs.org/ts-api-utils/-/ts-api-utils-1.4.3.tgz. Extracting by manifest.
1607 silly tarball no local data for semver@https://registry.npmjs.org/semver/-/semver-7.7.4.tgz. Extracting by manifest.
1608 silly tarball no local data for ignore@https://registry.npmjs.org/ignore/-/ignore-5.3.2.tgz. Extracting by manifest.
1609 silly tarball no local data for debug@https://registry.npmjs.org/debug/-/debug-4.4.3.tgz. Extracting by manifest.
1610 silly tarball no local data for @typescript-eslint/visitor-keys@https://registry.npmjs.org/@typescript-eslint/visitor-keys/-/visitor-keys-7.2.0.tgz. Extracting by manifest.
1611 silly tarball no local data for @typescript-eslint/utils@https://registry.npmjs.org/@typescript-eslint/utils/-/utils-7.2.0.tgz. Extracting by manifest.
1612 silly tarball no local data for natural-compare@https://registry.npmjs.org/natural-compare/-/natural-compare-1.4.0.tgz. Extracting by manifest.
1613 silly tarball no local data for @typescript-eslint/scope-manager@https://registry.npmjs.org/@typescript-eslint/scope-manager/-/scope-manager-7.2.0.tgz. Extracting by manifest.
1614 silly tarball no local data for @typescript-eslint/type-utils@https://registry.npmjs.org/@typescript-eslint/type-utils/-/type-utils-7.2.0.tgz. Extracting by manifest.
1615 silly tarball no local data for @eslint-community/regexpp@https://registry.npmjs.org/@eslint-community/regexpp/-/regexpp-4.12.2.tgz. Extracting by manifest.
1616 silly tarball no local data for is-glob@https://registry.npmjs.org/is-glob/-/is-glob-4.0.3.tgz. Extracting by manifest.
1617 silly tarball no local data for graphemer@https://registry.npmjs.org/graphemer/-/graphemer-1.4.0.tgz. Extracting by manifest.
1618 silly tarball no local data for csstype@https://registry.npmjs.org/csstype/-/csstype-3.2.3.tgz. Extracting by manifest.
1619 silly tarball no local data for react-dom@https://registry.npmjs.org/react-dom/-/react-dom-18.3.1.tgz. Extracting by manifest.
1620 silly tarball no local data for @types/prop-types@https://registry.npmjs.org/@types/prop-types/-/prop-types-15.7.15.tgz. Extracting by manifest.
1621 silly tarball no local data for tailwindcss@https://registry.npmjs.org/tailwindcss/-/tailwindcss-3.4.19.tgz. Extracting by manifest.
1622 silly tarball no local data for react@https://registry.npmjs.org/react/-/react-18.3.1.tgz. Extracting by manifest.
1623 silly tarball no local data for eslint-plugin-react-refresh@https://registry.npmjs.org/eslint-plugin-react-refresh/-/eslint-plugin-react-refresh-0.4.26.tgz. Extracting by manifest.
1624 silly tarball no local data for eslint-plugin-react-hooks@https://registry.npmjs.org/eslint-plugin-react-hooks/-/eslint-plugin-react-hooks-4.6.2.tgz. Extracting by manifest.
1625 silly tarball no local data for @typescript-eslint/typescript-estree@https://registry.npmjs.org/@typescript-eslint/typescript-estree/-/typescript-estree-7.2.0.tgz. Extracting by manifest.
1626 silly tarball no local data for postcss@https://registry.npmjs.org/postcss/-/postcss-8.5.8.tgz. Extracting by manifest.
1627 silly tarball no local data for autoprefixer@https://registry.npmjs.org/autoprefixer/-/autoprefixer-10.4.27.tgz. Extracting by manifest.
1628 silly tarball no local data for vite@https://registry.npmjs.org/vite/-/vite-5.4.21.tgz. Extracting by manifest.
1629 silly tarball no local data for @vitejs/plugin-react@https://registry.npmjs.org/@vitejs/plugin-react/-/plugin-react-4.7.0.tgz. Extracting by manifest.
1630 silly tarball no local data for typescript@https://registry.npmjs.org/typescript/-/typescript-5.9.3.tgz. Extracting by manifest.
1631 silly tarball no local data for fdir@https://registry.npmjs.org/fdir/-/fdir-6.5.0.tgz. Extracting by manifest.
1632 silly tarball no local data for @types/react@https://registry.npmjs.org/@types/react/-/react-18.3.28.tgz. Extracting by manifest.
1633 silly tarball no local data for @types/react-dom@https://registry.npmjs.org/@types/react-dom/-/react-dom-18.3.7.tgz. Extracting by manifest.
1634 silly tarball no local data for glob-parent@https://registry.npmjs.org/glob-parent/-/glob-parent-5.1.2.tgz. Extracting by manifest.
1635 silly tarball no local data for brace-expansion@https://registry.npmjs.org/brace-expansion/-/brace-expansion-1.1.13.tgz. Extracting by manifest.
1636 silly tarball no local data for eslint@https://registry.npmjs.org/eslint/-/eslint-8.57.1.tgz. Extracting by manifest.
1637 silly tarball no local data for glob-parent@https://registry.npmjs.org/glob-parent/-/glob-parent-5.1.2.tgz. Extracting by manifest.
1638 silly tarball no local data for picomatch@https://registry.npmjs.org/picomatch/-/picomatch-4.0.4.tgz. Extracting by manifest.
1639 silly tarball no local data for brace-expansion@https://registry.npmjs.org/brace-expansion/-/brace-expansion-1.1.13.tgz. Extracting by manifest.
1640 silly tarball no local data for minimatch@https://registry.npmjs.org/minimatch/-/minimatch-3.1.5.tgz. Extracting by manifest.
1641 silly tarball no local data for brace-expansion@https://registry.npmjs.org/brace-expansion/-/brace-expansion-1.1.13.tgz. Extracting by manifest.
1642 silly tarball no local data for minimatch@https://registry.npmjs.org/minimatch/-/minimatch-3.1.5.tgz. Extracting by manifest.
1643 silly tarball no local data for @typescript-eslint/parser@https://registry.npmjs.org/@typescript-eslint/parser/-/parser-7.2.0.tgz. Extracting by manifest.
1644 silly tarball no local data for semver@https://registry.npmjs.org/semver/-/semver-6.3.1.tgz. Extracting by manifest.
1645 silly tarball no local data for @typescript-eslint/eslint-plugin@https://registry.npmjs.org/@typescript-eslint/eslint-plugin/-/eslint-plugin-7.2.0.tgz. Extracting by manifest.
1646 silly tarball no local data for minimatch@https://registry.npmjs.org/minimatch/-/minimatch-3.1.5.tgz. Extracting by manifest.
1647 silly tarball no local data for semver@https://registry.npmjs.org/semver/-/semver-6.3.1.tgz. Extracting by manifest.
1648 silly tarball no local data for minimatch@https://registry.npmjs.org/minimatch/-/minimatch-3.1.5.tgz. Extracting by manifest.
1649 silly tarball no local data for brace-expansion@https://registry.npmjs.org/brace-expansion/-/brace-expansion-1.1.13.tgz. Extracting by manifest.
1650 http fetch GET 200 https://registry.npmjs.org/pirates/-/pirates-4.0.7.tgz 91ms (cache miss)
1651 timing reifyNode:node_modules/pirates Completed in 116ms
1652 http fetch GET 200 https://registry.npmjs.org/punycode/-/punycode-2.3.1.tgz 93ms (cache miss)
1653 http fetch GET 200 https://registry.npmjs.org/thenify/-/thenify-3.3.1.tgz 93ms (cache miss)
1654 timing reifyNode:node_modules/thenify Completed in 118ms
1655 http fetch GET 200 https://registry.npmjs.org/@types/estree/-/estree-1.0.8.tgz 95ms (cache miss)
1656 timing reifyNode:node_modules/@types/estree Completed in 118ms
1657 http fetch GET 200 https://registry.npmjs.org/is-number/-/is-number-7.0.0.tgz 94ms (cache miss)
1658 timing reifyNode:node_modules/is-number Completed in 119ms
1659 timing reifyNode:node_modules/punycode Completed in 119ms
1660 http fetch GET 200 https://registry.npmjs.org/isexe/-/isexe-2.0.0.tgz 96ms (cache miss)
1661 http fetch GET 200 https://registry.npmjs.org/object-assign/-/object-assign-4.1.1.tgz 94ms (cache miss)
1662 timing reifyNode:node_modules/object-assign Completed in 119ms
1663 timing reifyNode:node_modules/isexe Completed in 119ms
1664 http fetch GET 200 https://registry.npmjs.org/escalade/-/escalade-3.2.0.tgz 95ms (cache miss)
1665 http fetch GET 200 https://registry.npmjs.org/ts-interface-checker/-/ts-interface-checker-0.1.13.tgz 94ms (cache miss)
1666 timing reifyNode:node_modules/escalade Completed in 121ms
1667 http fetch GET 200 https://registry.npmjs.org/esbuild/-/esbuild-0.21.5.tgz 97ms (cache miss)
1668 timing reifyNode:node_modules/ts-interface-checker Completed in 121ms
1669 timing reifyNode:node_modules/esbuild Completed in 122ms
1670 http fetch GET 200 https://registry.npmjs.org/any-promise/-/any-promise-1.3.0.tgz 100ms (cache miss)
1671 timing reifyNode:node_modules/any-promise Completed in 125ms
1672 http fetch GET 200 https://registry.npmjs.org/thenify-all/-/thenify-all-1.6.0.tgz 111ms (cache miss)
1673 timing reifyNode:node_modules/thenify-all Completed in 137ms
1674 http fetch GET 200 https://registry.npmjs.org/tinyglobby/-/tinyglobby-0.2.15.tgz 116ms (cache miss)
1675 http fetch GET 200 https://registry.npmjs.org/path-parse/-/path-parse-1.0.7.tgz 113ms (cache miss)
1676 timing reifyNode:node_modules/path-parse Completed in 140ms
1677 http fetch GET 200 https://registry.npmjs.org/concat-map/-/concat-map-0.0.1.tgz 116ms (cache miss)
1678 http fetch GET 200 https://registry.npmjs.org/hasown/-/hasown-2.0.2.tgz 116ms (cache miss)
1679 timing reifyNode:node_modules/tinyglobby Completed in 142ms
1680 timing reifyNode:node_modules/hasown Completed in 142ms
1681 timing reifyNode:node_modules/concat-map Completed in 143ms
1682 http fetch GET 200 https://registry.npmjs.org/supports-preserve-symlinks-flag/-/supports-preserve-symlinks-flag-1.0.0.tgz 115ms (cache miss)
1683 http fetch GET 200 https://registry.npmjs.org/commander/-/commander-4.1.1.tgz 118ms (cache miss)
1684 timing reifyNode:node_modules/supports-preserve-symlinks-flag Completed in 143ms
1685 http fetch GET 200 https://registry.npmjs.org/mz/-/mz-2.7.0.tgz 118ms (cache miss)
1686 timing reifyNode:node_modules/mz Completed in 143ms
1687 timing reifyNode:node_modules/commander Completed in 143ms
1688 http fetch GET 200 https://registry.npmjs.org/function-bind/-/function-bind-1.1.2.tgz 119ms (cache miss)
1689 timing reifyNode:node_modules/function-bind Completed in 144ms
1690 http fetch GET 200 https://registry.npmjs.org/pify/-/pify-2.3.0.tgz 118ms (cache miss)
1691 timing reifyNode:node_modules/pify Completed in 145ms
1692 http fetch GET 200 https://registry.npmjs.org/lines-and-columns/-/lines-and-columns-1.2.4.tgz 118ms (cache miss)
1693 timing reifyNode:node_modules/lines-and-columns Completed in 145ms
1694 http fetch GET 200 https://registry.npmjs.org/@rollup/rollup-darwin-arm64/-/rollup-darwin-arm64-4.60.0.tgz 133ms (cache miss)
1695 timing reifyNode:node_modules/@rollup/rollup-darwin-arm64 Completed in 156ms
1696 http fetch GET 200 https://registry.npmjs.org/read-cache/-/read-cache-1.0.0.tgz 130ms (cache miss)
1697 timing reifyNode:node_modules/read-cache Completed in 157ms
1698 http fetch GET 200 https://registry.npmjs.org/cssesc/-/cssesc-3.0.0.tgz 129ms (cache miss)
1699 timing reifyNode:node_modules/cssesc Completed in 157ms
1700 http fetch GET 200 https://registry.npmjs.org/util-deprecate/-/util-deprecate-1.0.2.tgz 130ms (cache miss)
1701 timing reifyNode:node_modules/util-deprecate Completed in 158ms
1702 http fetch GET 200 https://registry.npmjs.org/readdirp/-/readdirp-3.6.0.tgz 138ms (cache miss)
1703 timing reifyNode:node_modules/readdirp Completed in 166ms
1704 http fetch GET 200 https://registry.npmjs.org/anymatch/-/anymatch-3.1.3.tgz 137ms (cache miss)
1705 timing reifyNode:node_modules/anymatch Completed in 166ms
1706 http fetch GET 200 https://registry.npmjs.org/is-binary-path/-/is-binary-path-2.1.0.tgz 139ms (cache miss)
1707 timing reifyNode:node_modules/is-binary-path Completed in 167ms
1708 http fetch GET 200 https://registry.npmjs.org/rollup/-/rollup-4.60.0.tgz 148ms (cache miss)
1709 timing reifyNode:node_modules/rollup Completed in 172ms
1710 http fetch GET 200 https://registry.npmjs.org/@esbuild/darwin-arm64/-/darwin-arm64-0.21.5.tgz 178ms (cache miss)
1711 timing reifyNode:node_modules/@esbuild/darwin-arm64 Completed in 202ms
1712 http fetch GET 200 https://registry.npmjs.org/is-core-module/-/is-core-module-2.16.1.tgz 208ms (cache miss)
1713 timing reifyNode:node_modules/is-core-module Completed in 238ms
1714 http fetch GET 200 https://registry.npmjs.org/fsevents/-/fsevents-2.3.3.tgz 210ms (cache miss)
1715 timing reifyNode:node_modules/fsevents Completed in 238ms
1716 http fetch GET 200 https://registry.npmjs.org/postcss-selector-parser/-/postcss-selector-parser-6.1.2.tgz 215ms (cache miss)
1717 timing reifyNode:node_modules/postcss-selector-parser Completed in 244ms
1718 http fetch GET 200 https://registry.npmjs.org/resolve/-/resolve-1.22.11.tgz 232ms (cache miss)
1719 timing reifyNode:node_modules/resolve Completed in 262ms
1720 http fetch GET 200 https://registry.npmjs.org/normalize-path/-/normalize-path-3.0.0.tgz 234ms (cache miss)
1721 timing reifyNode:node_modules/normalize-path Completed in 265ms
1722 http fetch GET 200 https://registry.npmjs.org/dlv/-/dlv-1.1.3.tgz 235ms (cache miss)
1723 timing reifyNode:node_modules/dlv Completed in 266ms
1724 http fetch GET 200 https://registry.npmjs.org/didyoumean/-/didyoumean-1.2.2.tgz 235ms (cache miss)
1725 timing reifyNode:node_modules/didyoumean Completed in 266ms
1726 http fetch GET 200 https://registry.npmjs.org/binary-extensions/-/binary-extensions-2.3.0.tgz 236ms (cache miss)
1727 timing reifyNode:node_modules/binary-extensions Completed in 266ms
1728 http fetch GET 200 https://registry.npmjs.org/lilconfig/-/lilconfig-3.1.3.tgz 235ms (cache miss)
1729 timing reifyNode:node_modules/lilconfig Completed in 266ms
1730 http fetch GET 200 https://registry.npmjs.org/chokidar/-/chokidar-3.6.0.tgz 239ms (cache miss)
1731 timing reifyNode:node_modules/chokidar Completed in 270ms
1732 http fetch GET 200 https://registry.npmjs.org/sucrase/-/sucrase-3.35.1.tgz 242ms (cache miss)
1733 timing reifyNode:node_modules/sucrase Completed in 272ms
1734 http fetch GET 200 https://registry.npmjs.org/ansi-regex/-/ansi-regex-5.0.1.tgz 245ms (cache miss)
1735 timing reifyNode:node_modules/ansi-regex Completed in 276ms
1736 http fetch GET 200 https://registry.npmjs.org/@alloc/quick-lru/-/quick-lru-5.2.0.tgz 245ms (cache miss)
1737 timing reifyNode:node_modules/@alloc/quick-lru Completed in 276ms
1738 http fetch GET 200 https://registry.npmjs.org/jiti/-/jiti-1.21.7.tgz 254ms (cache miss)
1739 timing reifyNode:node_modules/jiti Completed in 285ms
1740 http fetch GET 200 https://registry.npmjs.org/shebang-regex/-/shebang-regex-3.0.0.tgz 253ms (cache miss)
1741 timing reifyNode:node_modules/shebang-regex Completed in 285ms
1742 http fetch GET 200 https://registry.npmjs.org/once/-/once-1.4.0.tgz 256ms (cache miss)
1743 timing reifyNode:node_modules/once Completed in 290ms
1744 http fetch GET 200 https://registry.npmjs.org/arg/-/arg-5.0.2.tgz 259ms (cache miss)
1745 timing reifyNode:node_modules/arg Completed in 291ms
1746 http fetch GET 200 https://registry.npmjs.org/camelcase-css/-/camelcase-css-2.0.1.tgz 258ms (cache miss)
1747 timing reifyNode:node_modules/camelcase-css Completed in 291ms
1748 http fetch GET 200 https://registry.npmjs.org/has-flag/-/has-flag-4.0.0.tgz 260ms (cache miss)
1749 timing reifyNode:node_modules/has-flag Completed in 291ms
1750 http fetch GET 200 https://registry.npmjs.org/inherits/-/inherits-2.0.4.tgz 268ms (cache miss)
1751 timing reifyNode:node_modules/inherits Completed in 302ms
1752 http fetch GET 200 https://registry.npmjs.org/scheduler/-/scheduler-0.23.2.tgz 271ms (cache miss)
1753 http fetch GET 200 https://registry.npmjs.org/queue-microtask/-/queue-microtask-1.2.3.tgz 271ms (cache miss)
1754 timing reifyNode:node_modules/queue-microtask Completed in 305ms
1755 timing reifyNode:node_modules/scheduler Completed in 305ms
1756 http fetch GET 200 https://registry.npmjs.org/path-is-absolute/-/path-is-absolute-1.0.1.tgz 275ms (cache miss)
1757 timing reifyNode:node_modules/path-is-absolute Completed in 309ms
1758 http fetch GET 200 https://registry.npmjs.org/wrappy/-/wrappy-1.0.2.tgz 275ms (cache miss)
1759 timing reifyNode:node_modules/wrappy Completed in 310ms
1760 http fetch GET 200 https://registry.npmjs.org/callsites/-/callsites-3.1.0.tgz 278ms (cache miss)
1761 timing reifyNode:node_modules/callsites Completed in 313ms
1762 http fetch GET 200 https://registry.npmjs.org/inflight/-/inflight-1.0.6.tgz 283ms (cache miss)
1763 warn deprecated inflight@1.0.6: This module is not supported, and leaks memory. Do not use it. Check out lru-cache if you want a good and tested way to coalesce async requests by a key value, which is much more comprehensive and powerful.
1764 timing reifyNode:node_modules/inflight Completed in 318ms
1765 http fetch GET 200 https://registry.npmjs.org/yocto-queue/-/yocto-queue-0.1.0.tgz 283ms (cache miss)
1766 timing reifyNode:node_modules/yocto-queue Completed in 318ms
1767 http fetch GET 200 https://registry.npmjs.org/loose-envify/-/loose-envify-1.4.0.tgz 283ms (cache miss)
1768 timing reifyNode:node_modules/loose-envify Completed in 318ms
1769 http fetch GET 200 https://registry.npmjs.org/nanoid/-/nanoid-3.3.11.tgz 292ms (cache miss)
1770 timing reifyNode:node_modules/nanoid Completed in 328ms
1771 http fetch GET 200 https://registry.npmjs.org/p-limit/-/p-limit-3.1.0.tgz 300ms (cache miss)
1772 timing reifyNode:node_modules/p-limit Completed in 335ms
1773 http fetch GET 200 https://registry.npmjs.org/fast-levenshtein/-/fast-levenshtein-2.0.6.tgz 300ms (cache miss)
1774 timing reifyNode:node_modules/fast-levenshtein Completed in 335ms
1775 http fetch GET 200 https://registry.npmjs.org/deep-is/-/deep-is-0.1.4.tgz 300ms (cache miss)
1776 timing reifyNode:node_modules/deep-is Completed in 335ms
1777 http fetch GET 200 https://registry.npmjs.org/balanced-match/-/balanced-match-1.0.2.tgz 301ms (cache miss)
1778 timing reifyNode:node_modules/balanced-match Completed in 338ms
1779 http fetch GET 200 https://registry.npmjs.org/source-map-js/-/source-map-js-1.2.1.tgz 312ms (cache miss)
1780 timing reifyNode:node_modules/source-map-js Completed in 348ms
1781 http fetch GET 200 https://registry.npmjs.org/to-regex-range/-/to-regex-range-5.0.1.tgz 312ms (cache miss)
1782 timing reifyNode:node_modules/to-regex-range Completed in 348ms
1783 http fetch GET 200 https://registry.npmjs.org/brace-expansion/-/brace-expansion-2.0.3.tgz 313ms (cache miss)
1784 timing reifyNode:node_modules/brace-expansion Completed in 349ms
1785 http fetch GET 200 https://registry.npmjs.org/glob/-/glob-7.2.3.tgz 313ms (cache miss)
1786 warn deprecated glob@7.2.3: Old versions of glob are not supported, and contain widely publicized security vulnerabilities, which have been fixed in the current version. Please update. Support for old versions may be purchased (at exorbitant rates) by contacting i@izs.me
1787 timing reifyNode:node_modules/glob Completed in 349ms
1788 http fetch GET 200 https://registry.npmjs.org/word-wrap/-/word-wrap-1.2.5.tgz 315ms (cache miss)
1789 timing reifyNode:node_modules/word-wrap Completed in 351ms
1790 http fetch GET 200 https://registry.npmjs.org/yallist/-/yallist-3.1.1.tgz 323ms (cache miss)
1791 timing reifyNode:node_modules/yallist Completed in 360ms
1792 http fetch GET 200 https://registry.npmjs.org/braces/-/braces-3.0.3.tgz 325ms (cache miss)
1793 timing reifyNode:node_modules/braces Completed in 363ms
1794 http fetch GET 200 https://registry.npmjs.org/fs.realpath/-/fs.realpath-1.0.0.tgz 326ms (cache miss)
1795 timing reifyNode:node_modules/fs.realpath Completed in 363ms
1796 http fetch GET 200 https://registry.npmjs.org/fill-range/-/fill-range-7.1.1.tgz 327ms (cache miss)
1797 timing reifyNode:node_modules/fill-range Completed in 364ms
1798 http fetch GET 200 https://registry.npmjs.org/prelude-ls/-/prelude-ls-1.2.1.tgz 333ms (cache miss)
1799 timing reifyNode:node_modules/prelude-ls Completed in 370ms
1800 http fetch GET 200 https://registry.npmjs.org/is-extglob/-/is-extglob-2.1.1.tgz 335ms (cache miss)
1801 timing reifyNode:node_modules/is-extglob Completed in 373ms
1802 http fetch GET 200 https://registry.npmjs.org/json-buffer/-/json-buffer-3.0.1.tgz 336ms (cache miss)
1803 timing reifyNode:node_modules/json-buffer Completed in 373ms
1804 http fetch GET 200 https://registry.npmjs.org/argparse/-/argparse-2.0.1.tgz 340ms (cache miss)
1805 timing reifyNode:node_modules/argparse Completed in 378ms
1806 http fetch GET 200 https://registry.npmjs.org/resolve-from/-/resolve-from-4.0.0.tgz 345ms (cache miss)
1807 timing reifyNode:node_modules/resolve-from Completed in 383ms
1808 http fetch GET 200 https://registry.npmjs.org/p-locate/-/p-locate-5.0.0.tgz 348ms (cache miss)
1809 timing reifyNode:node_modules/p-locate Completed in 386ms
1810 http fetch GET 200 https://registry.npmjs.org/path-type/-/path-type-4.0.0.tgz 351ms (cache miss)
1811 timing reifyNode:node_modules/path-type Completed in 389ms
1812 http fetch GET 200 https://registry.npmjs.org/micromatch/-/micromatch-4.0.8.tgz 352ms (cache miss)
1813 timing reifyNode:node_modules/micromatch Completed in 392ms
1814 http fetch GET 200 https://registry.npmjs.org/parent-module/-/parent-module-1.0.1.tgz 354ms (cache miss)
1815 timing reifyNode:node_modules/parent-module Completed in 392ms
1816 http fetch GET 200 https://registry.npmjs.org/type-check/-/type-check-0.4.0.tgz 356ms (cache miss)
1817 timing reifyNode:node_modules/type-check Completed in 396ms
1818 http fetch GET 200 https://registry.npmjs.org/merge2/-/merge2-1.4.1.tgz 368ms (cache miss)
1819 timing reifyNode:node_modules/merge2 Completed in 408ms
1820 http fetch GET 200 https://registry.npmjs.org/postcss-nested/-/postcss-nested-6.2.0.tgz 378ms (cache miss)
1821 timing reifyNode:node_modules/postcss-nested Completed in 408ms
1822 http fetch GET 200 https://registry.npmjs.org/picomatch/-/picomatch-2.3.2.tgz 369ms (cache miss)
1823 timing reifyNode:node_modules/picomatch Completed in 409ms
1824 http fetch GET 200 https://registry.npmjs.org/slash/-/slash-3.0.0.tgz 370ms (cache miss)
1825 timing reifyNode:node_modules/slash Completed in 410ms
1826 http fetch POST 200 https://registry.npmjs.org/-/npm/v1/security/advisories/bulk 436ms
1827 timing auditReport:getReport Completed in 438ms
1828 silly audit report {
1828 silly audit report   minimatch: [
1828 silly audit report     {
1828 silly audit report       id: 1113465,
1828 silly audit report       url: 'https://github.com/advisories/GHSA-3ppc-4f35-3m26',
1828 silly audit report       title: 'minimatch has a ReDoS via repeated wildcards with non-matching literal in pattern',
1828 silly audit report       severity: 'high',
1828 silly audit report       vulnerable_versions: '>=9.0.0 <9.0.6',
1828 silly audit report       cwe: [Array],
1828 silly audit report       cvss: [Object]
1828 silly audit report     },
1828 silly audit report     {
1828 silly audit report       id: 1113544,
1828 silly audit report       url: 'https://github.com/advisories/GHSA-7r86-cg39-jmmj',
1828 silly audit report       title: 'minimatch has ReDoS: matchOne() combinatorial backtracking via multiple non-adjacent GLOBSTAR segments',
1828 silly audit report       severity: 'high',
1828 silly audit report       vulnerable_versions: '>=9.0.0 <9.0.7',
1828 silly audit report       cwe: [Array],
1828 silly audit report       cvss: [Object]
1828 silly audit report     },
1828 silly audit report     {
1828 silly audit report       id: 1113552,
1828 silly audit report       url: 'https://github.com/advisories/GHSA-23c5-xmqv-rm74',
1828 silly audit report       title: 'minimatch ReDoS: nested *() extglobs generate catastrophically backtracking regular expressions',
1828 silly audit report       severity: 'high',
1828 silly audit report       vulnerable_versions: '>=9.0.0 <9.0.7',
1828 silly audit report       cwe: [Array],
1828 silly audit report       cvss: [Object]
1828 silly audit report     }
1828 silly audit report   ],
1828 silly audit report   esbuild: [
1828 silly audit report     {
1828 silly audit report       id: 1102341,
1828 silly audit report       url: 'https://github.com/advisories/GHSA-67mh-4wv8-2f99',
1828 silly audit report       title: 'esbuild enables any website to send any requests to the development server and read the response',
1828 silly audit report       severity: 'moderate',
1828 silly audit report       vulnerable_versions: '<=0.24.2',
1828 silly audit report       cwe: [Array],
1828 silly audit report       cvss: [Object]
1828 silly audit report     }
1828 silly audit report   ]
1828 silly audit report }
1829 timing metavuln:packument:minimatch Completed in 1ms
1830 timing metavuln:packument:esbuild Completed in 0ms
1831 http fetch GET 200 https://registry.npmjs.org/dir-glob/-/dir-glob-3.0.1.tgz 394ms (cache miss)
1832 timing reifyNode:node_modules/dir-glob Completed in 435ms
1833 timing metavuln:cache:get:security-advisory:minimatch:B00WbbnnDNaFGA7l9BgrTioYpRMzU4+U8SUF8cn65LwArJAK0O380QwyP/UyxPr7i9XUjX9/AADC41/edu9OrA== Completed in 1ms
1834 timing metavuln:load:security-advisory:minimatch:1113465 Completed in 2ms
1835 timing metavuln:cache:get:security-advisory:minimatch:tJ9Z2VGWqiQfLaVKxc9K/6Rz1g70Mpl3An4UK+K1lyHdz27vYPzhMIkC4jRGAN2wpssY+8l13Ql259B6zkaX/Q== Completed in 3ms
1836 timing metavuln:load:security-advisory:minimatch:1113544 Completed in 1ms
1837 timing metavuln:cache:get:security-advisory:minimatch:IBqefxF0lKwSFXzwGHp5L8khqSaPYY99x0GHtXNH4YxtdIexeL4FFPzrnnBvkhgmGDEWHo3XAgpPYGyM1jidQQ== Completed in 3ms
1838 timing metavuln:load:security-advisory:minimatch:1113552 Completed in 1ms
1839 timing metavuln:cache:get:security-advisory:esbuild:jKdCIzePj7J1488qgRXvF8Srh9wutSuR1exB8YooNX62hT+qhtrUXYbArLNoIhgwbaCqKpmduh18syZU7BR9SA== Completed in 4ms
1840 timing metavuln:load:security-advisory:esbuild:1102341 Completed in 4ms
1841 http fetch GET 200 https://registry.npmjs.org/keyv/-/keyv-4.5.4.tgz 410ms (cache miss)
1842 timing reifyNode:node_modules/keyv Completed in 451ms
1843 http fetch GET 200 https://registry.npmjs.org/locate-path/-/locate-path-6.0.0.tgz 411ms (cache miss)
1844 timing reifyNode:node_modules/locate-path Completed in 452ms
1845 http fetch GET 200 https://registry.npmjs.org/acorn-jsx/-/acorn-jsx-5.3.2.tgz 411ms (cache miss)
1846 timing reifyNode:node_modules/acorn-jsx Completed in 453ms
1847 http fetch GET 200 https://registry.npmjs.org/array-union/-/array-union-2.1.0.tgz 413ms (cache miss)
1848 timing reifyNode:node_modules/array-union Completed in 454ms
1849 http fetch GET 200 https://registry.npmjs.org/flatted/-/flatted-3.4.2.tgz 412ms (cache miss)
1850 http fetch GET 200 https://registry.npmjs.org/reusify/-/reusify-1.1.0.tgz 413ms (cache miss)
1851 http fetch GET 200 https://registry.npmjs.org/fast-glob/-/fast-glob-3.3.3.tgz 415ms (cache miss)
1852 http fetch GET 200 https://registry.npmjs.org/path-exists/-/path-exists-4.0.0.tgz 414ms (cache miss)
1853 timing reifyNode:node_modules/path-exists Completed in 455ms
1854 timing metavuln:cache:put:security-advisory:minimatch:tJ9Z2VGWqiQfLaVKxc9K/6Rz1g70Mpl3An4UK+K1lyHdz27vYPzhMIkC4jRGAN2wpssY+8l13Ql259B6zkaX/Q== Completed in 17ms
1855 timing metavuln:calculate:security-advisory:minimatch:1113544 Completed in 21ms
1856 timing metavuln:cache:put:security-advisory:minimatch:B00WbbnnDNaFGA7l9BgrTioYpRMzU4+U8SUF8cn65LwArJAK0O380QwyP/UyxPr7i9XUjX9/AADC41/edu9OrA== Completed in 18ms
1857 timing metavuln:calculate:security-advisory:minimatch:1113465 Completed in 21ms
1858 timing metavuln:cache:put:security-advisory:minimatch:IBqefxF0lKwSFXzwGHp5L8khqSaPYY99x0GHtXNH4YxtdIexeL4FFPzrnnBvkhgmGDEWHo3XAgpPYGyM1jidQQ== Completed in 16ms
1859 timing metavuln:calculate:security-advisory:minimatch:1113552 Completed in 21ms
1860 timing metavuln:cache:put:security-advisory:esbuild:jKdCIzePj7J1488qgRXvF8Srh9wutSuR1exB8YooNX62hT+qhtrUXYbArLNoIhgwbaCqKpmduh18syZU7BR9SA== Completed in 12ms
1861 timing metavuln:calculate:security-advisory:esbuild:1102341 Completed in 20ms
1862 timing metavuln:packument:@typescript-eslint/typescript-estree Completed in 0ms
1863 http fetch GET 200 https://registry.npmjs.org/esrecurse/-/esrecurse-4.3.0.tgz 414ms (cache miss)
1864 timing reifyNode:node_modules/esrecurse Completed in 456ms
1865 timing metavuln:cache:get:security-advisory:@typescript-eslint/typescript-estree:Nhz0xCqWvb+VTRICJQC30ctuIxO4zAgpLCHbzLpRCtzo4N+xQCBfztfMr8ZGv8tb05mMcK6mvwg0cRuca1jQ8Q== Completed in 0ms
1866 timing metavuln:load:security-advisory:@typescript-eslint/typescript-estree:B00WbbnnDNaFGA7l9BgrTioYpRMzU4+U8SUF8cn65LwArJAK0O380QwyP/UyxPr7i9XUjX9/AADC41/edu9OrA== Completed in 45ms
1867 http fetch GET 200 https://registry.npmjs.org/postcss-load-config/-/postcss-load-config-6.0.1.tgz 473ms (cache miss)
1868 http fetch GET 200 https://registry.npmjs.org/rimraf/-/rimraf-3.0.2.tgz 460ms (cache miss)
1869 warn deprecated rimraf@3.0.2: Rimraf versions prior to v4 are no longer supported
1870 timing reifyNode:node_modules/rimraf Completed in 502ms
1871 timing reifyNode:node_modules/fast-glob Completed in 506ms
1872 timing reifyNode:node_modules/postcss-load-config Completed in 507ms
1873 http fetch GET 200 https://registry.npmjs.org/which/-/which-2.0.2.tgz 465ms (cache miss)
1874 timing reifyNode:node_modules/which Completed in 507ms
1875 http fetch GET 200 https://registry.npmjs.org/estraverse/-/estraverse-5.3.0.tgz 464ms (cache miss)
1876 timing reifyNode:node_modules/estraverse Completed in 507ms
1877 http fetch GET 200 https://registry.npmjs.org/flat-cache/-/flat-cache-3.2.0.tgz 465ms (cache miss)
1878 timing reifyNode:node_modules/flat-cache Completed in 508ms
1879 timing reifyNode:node_modules/reusify Completed in 513ms
1880 http fetch GET 200 https://registry.npmjs.org/path-key/-/path-key-3.1.1.tgz 470ms (cache miss)
1881 timing reifyNode:node_modules/path-key Completed in 513ms
1882 http fetch GET 200 https://registry.npmjs.org/shebang-command/-/shebang-command-2.0.0.tgz 470ms (cache miss)
1883 timing reifyNode:node_modules/shebang-command Completed in 513ms
1884 http fetch GET 200 https://registry.npmjs.org/color-convert/-/color-convert-2.0.1.tgz 470ms (cache miss)
1885 http fetch GET 200 https://registry.npmjs.org/color-name/-/color-name-1.1.4.tgz 470ms (cache miss)
1886 timing reifyNode:node_modules/color-name Completed in 513ms
1887 timing reifyNode:node_modules/color-convert Completed in 514ms
1888 http fetch GET 200 https://registry.npmjs.org/json-schema-traverse/-/json-schema-traverse-0.4.1.tgz 471ms (cache miss)
1889 http fetch GET 200 https://registry.npmjs.org/ansi-styles/-/ansi-styles-4.3.0.tgz 470ms (cache miss)
1890 timing reifyNode:node_modules/ansi-styles Completed in 513ms
1891 timing reifyNode:node_modules/flatted Completed in 514ms
1892 http fetch GET 200 https://registry.npmjs.org/supports-color/-/supports-color-7.2.0.tgz 470ms (cache miss)
1893 timing reifyNode:node_modules/supports-color Completed in 514ms
1894 timing metavuln:cache:put:security-advisory:@typescript-eslint/typescript-estree:Nhz0xCqWvb+VTRICJQC30ctuIxO4zAgpLCHbzLpRCtzo4N+xQCBfztfMr8ZGv8tb05mMcK6mvwg0cRuca1jQ8Q== Completed in 13ms
1895 timing metavuln:calculate:security-advisory:@typescript-eslint/typescript-estree:B00WbbnnDNaFGA7l9BgrTioYpRMzU4+U8SUF8cn65LwArJAK0O380QwyP/UyxPr7i9XUjX9/AADC41/edu9OrA== Completed in 59ms
1896 timing metavuln:packument:vite Completed in 0ms
1897 http fetch GET 200 https://registry.npmjs.org/@humanwhocodes/object-schema/-/object-schema-2.0.3.tgz 469ms (cache miss)
1898 warn deprecated @humanwhocodes/object-schema@2.0.3: Use @eslint/object-schema instead
1899 timing reifyNode:node_modules/@humanwhocodes/object-schema Completed in 514ms
1900 http fetch GET 200 https://registry.npmjs.org/@nodelib/fs.stat/-/fs.stat-2.0.5.tgz 471ms (cache miss)
1901 timing metavuln:cache:get:security-advisory:vite:tMBsdAS7JBTyRORp0YaJR984WAAsOxgmReSLBN0Nd41GhzEakjROICqAJ31iOdYG5Ijo/MlJ01p3ig1iN88+Tw== Completed in 0ms
1902 timing metavuln:load:security-advisory:vite:jKdCIzePj7J1488qgRXvF8Srh9wutSuR1exB8YooNX62hT+qhtrUXYbArLNoIhgwbaCqKpmduh18syZU7BR9SA== Completed in 18ms
1903 timing reifyNode:node_modules/json-schema-traverse Completed in 533ms
1904 http fetch GET 200 https://registry.npmjs.org/fastq/-/fastq-1.20.1.tgz 496ms (cache miss)
1905 http fetch GET 200 https://registry.npmjs.org/fast-json-stable-stringify/-/fast-json-stable-stringify-2.1.0.tgz 499ms (cache miss)
1906 timing reifyNode:node_modules/fastq Completed in 542ms
1907 timing reifyNode:node_modules/fast-json-stable-stringify Completed in 545ms
1908 http fetch GET 200 https://registry.npmjs.org/strip-ansi/-/strip-ansi-6.0.1.tgz 500ms (cache miss)
1909 timing reifyNode:node_modules/strip-ansi Completed in 545ms
1910 http fetch GET 200 https://registry.npmjs.org/is-path-inside/-/is-path-inside-3.0.3.tgz 499ms (cache miss)
1911 timing reifyNode:node_modules/is-path-inside Completed in 545ms
1912 http fetch GET 200 https://registry.npmjs.org/import-fresh/-/import-fresh-3.3.1.tgz 500ms (cache miss)
1913 timing reifyNode:node_modules/import-fresh Completed in 545ms
1914 http fetch GET 200 https://registry.npmjs.org/strip-json-comments/-/strip-json-comments-3.1.1.tgz 501ms (cache miss)
1915 timing reifyNode:node_modules/strip-json-comments Completed in 546ms
1916 timing reifyNode:node_modules/@nodelib/fs.stat Completed in 546ms
1917 http fetch GET 200 https://registry.npmjs.org/levn/-/levn-0.4.1.tgz 500ms (cache miss)
1918 http fetch GET 200 https://registry.npmjs.org/text-table/-/text-table-0.2.0.tgz 501ms (cache miss)
1919 http fetch GET 200 https://registry.npmjs.org/run-parallel/-/run-parallel-1.2.0.tgz 502ms (cache miss)
1920 timing reifyNode:node_modules/run-parallel Completed in 547ms
1921 http fetch GET 200 https://registry.npmjs.org/postcss-js/-/postcss-js-4.1.0.tgz 518ms (cache miss)
1922 timing metavuln:cache:put:security-advisory:vite:tMBsdAS7JBTyRORp0YaJR984WAAsOxgmReSLBN0Nd41GhzEakjROICqAJ31iOdYG5Ijo/MlJ01p3ig1iN88+Tw== Completed in 15ms
1923 timing metavuln:calculate:security-advisory:vite:jKdCIzePj7J1488qgRXvF8Srh9wutSuR1exB8YooNX62hT+qhtrUXYbArLNoIhgwbaCqKpmduh18syZU7BR9SA== Completed in 33ms
1924 timing metavuln:packument:@typescript-eslint/parser Completed in 0ms
1925 timing metavuln:packument:@typescript-eslint/type-utils Completed in 0ms
1926 timing metavuln:packument:@typescript-eslint/utils Completed in 0ms
1927 timing reifyNode:node_modules/postcss-js Completed in 548ms
1928 timing reifyNode:node_modules/levn Completed in 547ms
1929 timing metavuln:cache:get:security-advisory:@typescript-eslint/parser:l8FoURi1vPdjcWzIpL7CN/UvdeIYUSGuS8fsFkUqBAqKUTagbcgg6Xz8Rre3gn17pM8SPgOMx8cT+hS24/U4Lg== Completed in 0ms
1930 timing metavuln:load:security-advisory:@typescript-eslint/parser:Nhz0xCqWvb+VTRICJQC30ctuIxO4zAgpLCHbzLpRCtzo4N+xQCBfztfMr8ZGv8tb05mMcK6mvwg0cRuca1jQ8Q== Completed in 3958ms
1931 timing metavuln:cache:get:security-advisory:@typescript-eslint/type-utils:EHArtJU0pzySroDQUvl2raqBnzpSIlTA8s8Nz1is77BPj+FyBukS5Xs2f5oOcVdWaXJWBEhEdruugU7HszfVkQ== Completed in 3958ms
1932 timing metavuln:load:security-advisory:@typescript-eslint/type-utils:Nhz0xCqWvb+VTRICJQC30ctuIxO4zAgpLCHbzLpRCtzo4N+xQCBfztfMr8ZGv8tb05mMcK6mvwg0cRuca1jQ8Q== Completed in 62ms
1933 timing metavuln:cache:get:security-advisory:@typescript-eslint/utils:ZnHI0C1FbwGUWNvGDoTF4w4el4vRu/lNsImhQ1R2K2M3ML6k0xZv3C8TbglCD1rWeNx89CNnaXx0G3Ieu2ZWSw== Completed in 4021ms
1934 timing metavuln:load:security-advisory:@typescript-eslint/utils:Nhz0xCqWvb+VTRICJQC30ctuIxO4zAgpLCHbzLpRCtzo4N+xQCBfztfMr8ZGv8tb05mMcK6mvwg0cRuca1jQ8Q== Completed in 26ms
1935 http fetch GET 200 https://registry.npmjs.org/type-fest/-/type-fest-0.20.2.tgz 4555ms (cache miss)
1936 http fetch GET 200 https://registry.npmjs.org/lodash.merge/-/lodash.merge-4.6.2.tgz 4549ms (cache miss)
1937 timing reifyNode:node_modules/lodash.merge Completed in 4595ms
1938 http fetch GET 200 https://registry.npmjs.org/optionator/-/optionator-0.9.4.tgz 4555ms (cache miss)
1939 timing reifyNode:node_modules/type-fest Completed in 4604ms
1940 timing reifyNode:node_modules/optionator Completed in 4603ms
1941 http fetch GET 200 https://registry.npmjs.org/postcss-import/-/postcss-import-15.1.0.tgz 4577ms (cache miss)
1942 timing reifyNode:node_modules/text-table Completed in 4609ms
1943 http fetch GET 200 https://registry.npmjs.org/json-stable-stringify-without-jsonify/-/json-stable-stringify-without-jsonify-1.0.1.tgz 4564ms (cache miss)
1944 timing reifyNode:node_modules/postcss-import Completed in 4612ms
1945 timing metavuln:cache:put:security-advisory:@typescript-eslint/utils:ZnHI0C1FbwGUWNvGDoTF4w4el4vRu/lNsImhQ1R2K2M3ML6k0xZv3C8TbglCD1rWeNx89CNnaXx0G3Ieu2ZWSw== Completed in 17ms
1946 timing metavuln:calculate:security-advisory:@typescript-eslint/utils:Nhz0xCqWvb+VTRICJQC30ctuIxO4zAgpLCHbzLpRCtzo4N+xQCBfztfMr8ZGv8tb05mMcK6mvwg0cRuca1jQ8Q== Completed in 4065ms
1947 http fetch GET 200 https://registry.npmjs.org/imurmurhash/-/imurmurhash-0.1.4.tgz 4566ms (cache miss)
1948 timing reifyNode:node_modules/imurmurhash Completed in 4612ms
1949 http fetch GET 200 https://registry.npmjs.org/glob-parent/-/glob-parent-6.0.2.tgz 4565ms (cache miss)
1950 timing reifyNode:node_modules/glob-parent Completed in 4612ms
1951 http fetch GET 200 https://registry.npmjs.org/find-up/-/find-up-5.0.0.tgz 4565ms (cache miss)
1952 timing reifyNode:node_modules/find-up Completed in 4612ms
1953 http fetch GET 200 https://registry.npmjs.org/escape-string-regexp/-/escape-string-regexp-4.0.0.tgz 4564ms (cache miss)
1954 timing reifyNode:node_modules/escape-string-regexp Completed in 4612ms
1955 http fetch GET 200 https://registry.npmjs.org/fast-deep-equal/-/fast-deep-equal-3.1.3.tgz 4564ms (cache miss)
1956 timing reifyNode:node_modules/json-stable-stringify-without-jsonify Completed in 4613ms
1957 http fetch GET 200 https://registry.npmjs.org/@nodelib/fs.scandir/-/fs.scandir-2.1.5.tgz 4566ms (cache miss)
1958 timing metavuln:cache:put:security-advisory:@typescript-eslint/type-utils:EHArtJU0pzySroDQUvl2raqBnzpSIlTA8s8Nz1is77BPj+FyBukS5Xs2f5oOcVdWaXJWBEhEdruugU7HszfVkQ== Completed in 46ms
1959 timing metavuln:calculate:security-advisory:@typescript-eslint/type-utils:Nhz0xCqWvb+VTRICJQC30ctuIxO4zAgpLCHbzLpRCtzo4N+xQCBfztfMr8ZGv8tb05mMcK6mvwg0cRuca1jQ8Q== Completed in 4066ms
1960 http fetch GET 200 https://registry.npmjs.org/file-entry-cache/-/file-entry-cache-6.0.1.tgz 4566ms (cache miss)
1961 timing reifyNode:node_modules/file-entry-cache Completed in 4613ms
1962 http fetch GET 200 https://registry.npmjs.org/esutils/-/esutils-2.0.3.tgz 4566ms (cache miss)
1963 http fetch GET 200 https://registry.npmjs.org/object-hash/-/object-hash-3.0.0.tgz 4584ms (cache miss)
1964 timing reifyNode:node_modules/object-hash Completed in 4614ms
1965 timing metavuln:cache:put:security-advisory:@typescript-eslint/parser:l8FoURi1vPdjcWzIpL7CN/UvdeIYUSGuS8fsFkUqBAqKUTagbcgg6Xz8Rre3gn17pM8SPgOMx8cT+hS24/U4Lg== Completed in 108ms
1966 timing metavuln:calculate:security-advisory:@typescript-eslint/parser:Nhz0xCqWvb+VTRICJQC30ctuIxO4zAgpLCHbzLpRCtzo4N+xQCBfztfMr8ZGv8tb05mMcK6mvwg0cRuca1jQ8Q== Completed in 4066ms
1967 timing metavuln:packument:@vitejs/plugin-react Completed in 1ms
1968 http fetch GET 200 https://registry.npmjs.org/cross-spawn/-/cross-spawn-7.0.6.tgz 4570ms (cache miss)
1969 timing metavuln:cache:get:security-advisory:@vitejs/plugin-react:P4XDBxCt1M9jhU3wPSnbYo14hU9TEKKi3dRjV6pE6SGkUMgEqrUpLUvU/o4utnW6O2m8Mrkk3y+AtxEbBn/p0A== Completed in 1ms
1970 timing metavuln:load:security-advisory:@vitejs/plugin-react:tMBsdAS7JBTyRORp0YaJR984WAAsOxgmReSLBN0Nd41GhzEakjROICqAJ31iOdYG5Ijo/MlJ01p3ig1iN88+Tw== Completed in 9ms
1971 http fetch GET 200 https://registry.npmjs.org/globals/-/globals-13.24.0.tgz 4581ms (cache miss)
1972 timing reifyNode:node_modules/globals Completed in 4628ms
1973 http fetch GET 200 https://registry.npmjs.org/acorn/-/acorn-8.16.0.tgz 4586ms (cache miss)
1974 timing reifyNode:node_modules/cross-spawn Completed in 4629ms
1975 timing reifyNode:node_modules/acorn Completed in 4632ms
1976 timing reifyNode:node_modules/fast-deep-equal Completed in 4632ms
1977 timing reifyNode:node_modules/esutils Completed in 4632ms
1978 http fetch GET 200 https://registry.npmjs.org/espree/-/espree-9.6.1.tgz 4590ms (cache miss)
1979 http fetch GET 200 https://registry.npmjs.org/doctrine/-/doctrine-3.0.0.tgz 4589ms (cache miss)
1980 timing reifyNode:node_modules/espree Completed in 4638ms
1981 timing reifyNode:node_modules/doctrine Completed in 4639ms
1982 http fetch GET 200 https://registry.npmjs.org/ms/-/ms-2.1.3.tgz 4591ms (cache miss)
1983 timing reifyNode:node_modules/ms Completed in 4640ms
1984 http fetch GET 200 https://registry.npmjs.org/eslint-scope/-/eslint-scope-7.2.2.tgz 4592ms (cache miss)
1985 http fetch GET 200 https://registry.npmjs.org/node-releases/-/node-releases-2.0.36.tgz 4589ms (cache miss)
1986 timing metavuln:cache:put:security-advisory:@vitejs/plugin-react:P4XDBxCt1M9jhU3wPSnbYo14hU9TEKKi3dRjV6pE6SGkUMgEqrUpLUvU/o4utnW6O2m8Mrkk3y+AtxEbBn/p0A== Completed in 14ms
1987 timing metavuln:calculate:security-advisory:@vitejs/plugin-react:tMBsdAS7JBTyRORp0YaJR984WAAsOxgmReSLBN0Nd41GhzEakjROICqAJ31iOdYG5Ijo/MlJ01p3ig1iN88+Tw== Completed in 24ms
1988 timing metavuln:packument:@typescript-eslint/eslint-plugin Completed in 0ms
1989 timing metavuln:cache:get:security-advisory:@typescript-eslint/eslint-plugin:A3G9bSxtn28sCtyMhVs4wMvFQ0YoSoOl1aTljAE/xfUt5CgV2p8axCFLlez6qI777bgOXn8ILBvG9kRsedZXHA== Completed in 0ms
1990 timing metavuln:load:security-advisory:@typescript-eslint/eslint-plugin:ZnHI0C1FbwGUWNvGDoTF4w4el4vRu/lNsImhQ1R2K2M3ML6k0xZv3C8TbglCD1rWeNx89CNnaXx0G3Ieu2ZWSw== Completed in 1624ms
1991 timing metavuln:cache:get:security-advisory:@typescript-eslint/type-utils:KxOHs08OlPfJq7BeB7fAw0eDKwtfs/GAaat7n5yx2mVzIwOQrtlYDQkQ9Un+39aFFMQqFbUOpx1o9iQNjaH2xw== Completed in 1624ms
1992 timing metavuln:load:security-advisory:@typescript-eslint/type-utils:ZnHI0C1FbwGUWNvGDoTF4w4el4vRu/lNsImhQ1R2K2M3ML6k0xZv3C8TbglCD1rWeNx89CNnaXx0G3Ieu2ZWSw== Completed in 45ms
1993 http fetch GET 200 https://registry.npmjs.org/postcss-value-parser/-/postcss-value-parser-4.2.0.tgz 6261ms (cache miss)
1994 timing reifyNode:node_modules/eslint-scope Completed in 6313ms
1995 timing reifyNode:node_modules/node-releases Completed in 6322ms
1996 timing reifyNode:node_modules/postcss-value-parser Completed in 6322ms
1997 http fetch GET 200 https://registry.npmjs.org/@types/babel__traverse/-/babel__traverse-7.28.0.tgz 6272ms (cache miss)
1998 timing reifyNode:node_modules/@types/babel__traverse Completed in 6323ms
1999 http fetch GET 200 https://registry.npmjs.org/@humanwhocodes/config-array/-/config-array-0.13.0.tgz 6275ms (cache miss)
2000 http fetch GET 200 https://registry.npmjs.org/chalk/-/chalk-4.1.2.tgz 6275ms (cache miss)
2001 http fetch GET 200 https://registry.npmjs.org/@ungap/structured-clone/-/structured-clone-1.3.0.tgz 6276ms (cache miss)
2002 warn deprecated @humanwhocodes/config-array@0.13.0: Use @eslint/config-array instead
2003 timing reifyNode:node_modules/@humanwhocodes/config-array Completed in 6325ms
2004 timing reifyNode:node_modules/chalk Completed in 6325ms
2005 timing reifyNode:node_modules/@nodelib/fs.scandir Completed in 6326ms
2006 http fetch GET 200 https://registry.npmjs.org/@humanwhocodes/module-importer/-/module-importer-1.0.1.tgz 6278ms (cache miss)
2007 timing reifyNode:node_modules/@humanwhocodes/module-importer Completed in 6330ms
2008 timing metavuln:cache:put:security-advisory:@typescript-eslint/type-utils:KxOHs08OlPfJq7BeB7fAw0eDKwtfs/GAaat7n5yx2mVzIwOQrtlYDQkQ9Un+39aFFMQqFbUOpx1o9iQNjaH2xw== Completed in 20ms
2009 timing metavuln:calculate:security-advisory:@typescript-eslint/type-utils:ZnHI0C1FbwGUWNvGDoTF4w4el4vRu/lNsImhQ1R2K2M3ML6k0xZv3C8TbglCD1rWeNx89CNnaXx0G3Ieu2ZWSw== Completed in 1689ms
2010 http fetch GET 200 https://registry.npmjs.org/@jridgewell/resolve-uri/-/resolve-uri-3.1.2.tgz 6279ms (cache miss)
2011 http fetch GET 200 https://registry.npmjs.org/@types/babel__template/-/babel__template-7.4.4.tgz 6279ms (cache miss)
2012 timing reifyNode:node_modules/@types/babel__template Completed in 6333ms
2013 http fetch GET 200 https://registry.npmjs.org/@babel/helper-globals/-/helper-globals-7.28.0.tgz 6280ms (cache miss)
2014 http fetch GET 200 https://registry.npmjs.org/@types/babel__generator/-/babel__generator-7.27.0.tgz 6282ms (cache miss)
2015 timing reifyNode:node_modules/@types/babel__generator Completed in 6334ms
2016 http fetch GET 200 https://registry.npmjs.org/@babel/helper-plugin-utils/-/helper-plugin-utils-7.28.6.tgz 6281ms (cache miss)
2017 timing reifyNode:node_modules/@babel/helper-plugin-utils Completed in 6334ms
2018 http fetch GET 200 https://registry.npmjs.org/@nodelib/fs.walk/-/fs.walk-1.2.8.tgz 6285ms (cache miss)
2019 timing reifyNode:node_modules/@babel/helper-globals Completed in 6335ms
2020 timing metavuln:cache:put:security-advisory:@typescript-eslint/eslint-plugin:A3G9bSxtn28sCtyMhVs4wMvFQ0YoSoOl1aTljAE/xfUt5CgV2p8axCFLlez6qI777bgOXn8ILBvG9kRsedZXHA== Completed in 69ms
2021 timing metavuln:calculate:security-advisory:@typescript-eslint/eslint-plugin:ZnHI0C1FbwGUWNvGDoTF4w4el4vRu/lNsImhQ1R2K2M3ML6k0xZv3C8TbglCD1rWeNx89CNnaXx0G3Ieu2ZWSw== Completed in 1693ms
2022 http fetch GET 200 https://registry.npmjs.org/@eslint/js/-/js-8.57.1.tgz 6286ms (cache miss)
2023 http fetch GET 200 https://registry.npmjs.org/@babel/helper-validator-option/-/helper-validator-option-7.27.1.tgz 6282ms (cache miss)
2024 http fetch GET 200 https://registry.npmjs.org/electron-to-chromium/-/electron-to-chromium-1.5.328.tgz 6284ms (cache miss)
2025 timing reifyNode:node_modules/@eslint/js Completed in 6335ms
2026 http fetch GET 200 https://registry.npmjs.org/update-browserslist-db/-/update-browserslist-db-1.2.3.tgz 6282ms (cache miss)
2027 timing metavuln:cache:get:security-advisory:@typescript-eslint/eslint-plugin:HH/73iLpx+M4QzuwDYr8ohHJ+QZq1egPbIVF56SXzIMD6FOvi8qjWhJdCPd9T6K8/HtBzJK5GJugCkgxBv217Q== Completed in 1ms
2028 timing metavuln:load:security-advisory:@typescript-eslint/eslint-plugin:EHArtJU0pzySroDQUvl2raqBnzpSIlTA8s8Nz1is77BPj+FyBukS5Xs2f5oOcVdWaXJWBEhEdruugU7HszfVkQ== Completed in 1616ms
2029 http fetch GET 200 https://registry.npmjs.org/@babel/helper-string-parser/-/helper-string-parser-7.27.1.tgz 7904ms (cache miss)
2030 timing reifyNode:node_modules/@babel/helper-string-parser Completed in 7956ms
2031 timing reifyNode:node_modules/update-browserslist-db Completed in 7956ms
2032 timing reifyNode:node_modules/electron-to-chromium Completed in 7957ms
2033 timing reifyNode:node_modules/@jridgewell/resolve-uri Completed in 7972ms
2034 timing reifyNode:node_modules/@babel/helper-validator-option Completed in 7974ms
2035 http fetch GET 200 https://registry.npmjs.org/baseline-browser-mapping/-/baseline-browser-mapping-2.10.12.tgz 7924ms (cache miss)
2036 http fetch GET 200 https://registry.npmjs.org/@babel/helper-module-imports/-/helper-module-imports-7.28.6.tgz 7922ms (cache miss)
2037 http fetch GET 200 https://registry.npmjs.org/browserslist/-/browserslist-4.28.1.tgz 7925ms (cache miss)
2038 timing reifyNode:node_modules/baseline-browser-mapping Completed in 7986ms
2039 timing reifyNode:node_modules/@ungap/structured-clone Completed in 7989ms
2040 timing reifyNode:node_modules/@babel/helper-module-imports Completed in 7989ms
2041 timing reifyNode:node_modules/browserslist Completed in 7990ms
2042 http fetch GET 200 https://registry.npmjs.org/fraction.js/-/fraction.js-5.3.4.tgz 7948ms (cache miss)
2043 http fetch GET 200 https://registry.npmjs.org/convert-source-map/-/convert-source-map-2.0.0.tgz 7948ms (cache miss)
2044 timing reifyNode:node_modules/convert-source-map Completed in 8003ms
2045 http fetch GET 200 https://registry.npmjs.org/picocolors/-/picocolors-1.1.1.tgz 7949ms (cache miss)
2046 timing reifyNode:node_modules/picocolors Completed in 8003ms
2047 http fetch GET 200 https://registry.npmjs.org/js-tokens/-/js-tokens-4.0.0.tgz 7949ms (cache miss)
2048 timing reifyNode:node_modules/js-tokens Completed in 8003ms
2049 http fetch GET 200 https://registry.npmjs.org/gensync/-/gensync-1.0.0-beta.2.tgz 7948ms (cache miss)
2050 http fetch GET 200 https://registry.npmjs.org/@jridgewell/remapping/-/remapping-2.3.5.tgz 7948ms (cache miss)
2051 http fetch GET 200 https://registry.npmjs.org/lru-cache/-/lru-cache-5.1.1.tgz 7950ms (cache miss)
2052 timing reifyNode:node_modules/lru-cache Completed in 8004ms
2053 timing reifyNode:node_modules/fraction.js Completed in 8004ms
2054 timing metavuln:cache:put:security-advisory:@typescript-eslint/eslint-plugin:HH/73iLpx+M4QzuwDYr8ohHJ+QZq1egPbIVF56SXzIMD6FOvi8qjWhJdCPd9T6K8/HtBzJK5GJugCkgxBv217Q== Completed in 49ms
2055 timing metavuln:calculate:security-advisory:@typescript-eslint/eslint-plugin:EHArtJU0pzySroDQUvl2raqBnzpSIlTA8s8Nz1is77BPj+FyBukS5Xs2f5oOcVdWaXJWBEhEdruugU7HszfVkQ== Completed in 1670ms
2056 http fetch GET 200 https://registry.npmjs.org/js-yaml/-/js-yaml-4.1.1.tgz 7965ms (cache miss)
2057 timing metavuln:cache:get:security-advisory:@typescript-eslint/eslint-plugin:XXeeErJRYj7VfO9NKepr4eseOkZK7b/b1BfbKV+uTmaBr07HNJhdlwP0yUks2NwIKMVDgCX90B5u0HrcMhOGZg== Completed in 3ms
2058 timing metavuln:load:security-advisory:@typescript-eslint/eslint-plugin:l8FoURi1vPdjcWzIpL7CN/UvdeIYUSGuS8fsFkUqBAqKUTagbcgg6Xz8Rre3gn17pM8SPgOMx8cT+hS24/U4Lg== Completed in 766ms
2059 timing reifyNode:node_modules/js-yaml Completed in 8780ms
2060 http fetch GET 200 https://registry.npmjs.org/jsesc/-/jsesc-3.1.0.tgz 8727ms (cache miss)
2061 http fetch GET 200 https://registry.npmjs.org/@babel/helper-validator-identifier/-/helper-validator-identifier-7.28.5.tgz 8745ms (cache miss)
2062 http fetch GET 200 https://registry.npmjs.org/@babel/compat-data/-/compat-data-7.29.0.tgz 8747ms (cache miss)
2063 timing reifyNode:node_modules/gensync Completed in 8800ms
2064 timing reifyNode:node_modules/jsesc Completed in 8802ms
2065 http fetch GET 200 https://registry.npmjs.org/eslint-visitor-keys/-/eslint-visitor-keys-3.4.3.tgz 8762ms (cache miss)
2066 timing reifyNode:node_modules/@babel/helper-validator-identifier Completed in 8828ms
2067 http fetch GET 200 https://registry.npmjs.org/@babel/plugin-transform-react-jsx-self/-/plugin-transform-react-jsx-self-7.27.1.tgz 8781ms (cache miss)
2068 timing reifyNode:node_modules/@babel/plugin-transform-react-jsx-self Completed in 8839ms
2069 http fetch GET 200 https://registry.npmjs.org/react-refresh/-/react-refresh-0.17.0.tgz 8785ms (cache miss)
2070 http fetch GET 200 https://registry.npmjs.org/@jridgewell/sourcemap-codec/-/sourcemap-codec-1.5.5.tgz 8792ms (cache miss)
2071 timing reifyNode:node_modules/@babel/compat-data Completed in 8844ms
2072 timing reifyNode:node_modules/@nodelib/fs.walk Completed in 8845ms
2073 timing reifyNode:node_modules/eslint-visitor-keys Completed in 8846ms
2074 timing reifyNode:node_modules/react-refresh Completed in 8846ms
2075 http fetch GET 200 https://registry.npmjs.org/@babel/code-frame/-/code-frame-7.29.0.tgz 8789ms (cache miss)
2076 timing reifyNode:node_modules/@babel/code-frame Completed in 8846ms
2077 http fetch GET 200 https://registry.npmjs.org/@babel/plugin-transform-react-jsx-source/-/plugin-transform-react-jsx-source-7.27.1.tgz 8788ms (cache miss)
2078 timing reifyNode:node_modules/@babel/plugin-transform-react-jsx-source Completed in 8846ms
2079 http fetch GET 200 https://registry.npmjs.org/@types/babel__core/-/babel__core-7.20.5.tgz 8789ms (cache miss)
2080 timing reifyNode:node_modules/@types/babel__core Completed in 8847ms
2081 timing metavuln:cache:put:security-advisory:@typescript-eslint/eslint-plugin:XXeeErJRYj7VfO9NKepr4eseOkZK7b/b1BfbKV+uTmaBr07HNJhdlwP0yUks2NwIKMVDgCX90B5u0HrcMhOGZg== Completed in 69ms
2082 timing metavuln:calculate:security-advisory:@typescript-eslint/eslint-plugin:l8FoURi1vPdjcWzIpL7CN/UvdeIYUSGuS8fsFkUqBAqKUTagbcgg6Xz8Rre3gn17pM8SPgOMx8cT+hS24/U4Lg== Completed in 838ms
2083 timing auditReport:init Completed in 8418ms
2084 timing reify:audit Completed in 8856ms
2085 http fetch GET 200 https://registry.npmjs.org/globby/-/globby-11.1.0.tgz 8792ms (cache miss)
2086 http fetch GET 200 https://registry.npmjs.org/natural-compare/-/natural-compare-1.4.0.tgz 8791ms (cache miss)
2087 timing reifyNode:node_modules/natural-compare Completed in 8852ms
2088 timing reifyNode:node_modules/@jridgewell/sourcemap-codec Completed in 8853ms
2089 http fetch GET 200 https://registry.npmjs.org/@types/json-schema/-/json-schema-7.0.15.tgz 8795ms (cache miss)
2090 timing reifyNode:node_modules/@types/json-schema Completed in 8854ms
2091 http fetch GET 200 https://registry.npmjs.org/debug/-/debug-4.4.3.tgz 8794ms (cache miss)
2092 http fetch GET 200 https://registry.npmjs.org/@rolldown/pluginutils/-/pluginutils-1.0.0-beta.27.tgz 8797ms (cache miss)
2093 timing reifyNode:node_modules/@rolldown/pluginutils Completed in 8855ms
2094 timing reifyNode:node_modules/globby Completed in 8855ms
2095 http fetch GET 200 https://registry.npmjs.org/ignore/-/ignore-5.3.2.tgz 8796ms (cache miss)
2096 http fetch GET 200 https://registry.npmjs.org/@types/semver/-/semver-7.7.1.tgz 8798ms (cache miss)
2097 timing reifyNode:node_modules/debug Completed in 8858ms
2098 http fetch GET 200 https://registry.npmjs.org/is-glob/-/is-glob-4.0.3.tgz 8798ms (cache miss)
2099 timing reifyNode:node_modules/is-glob Completed in 8859ms
2100 http fetch GET 200 https://registry.npmjs.org/eslint-plugin-react-refresh/-/eslint-plugin-react-refresh-0.4.26.tgz 8796ms (cache miss)
2101 timing reifyNode:node_modules/eslint-plugin-react-refresh Completed in 8859ms
2102 http fetch GET 200 https://registry.npmjs.org/@types/prop-types/-/prop-types-15.7.15.tgz 8797ms (cache miss)
2103 timing reifyNode:node_modules/@types/prop-types Completed in 8860ms
2104 timing reifyNode:node_modules/ignore Completed in 8862ms
2105 http fetch GET 200 https://registry.npmjs.org/@babel/helper-compilation-targets/-/helper-compilation-targets-7.28.6.tgz 8806ms (cache miss)
2106 http fetch GET 200 https://registry.npmjs.org/@typescript-eslint/visitor-keys/-/visitor-keys-7.2.0.tgz 8805ms (cache miss)
2107 timing reifyNode:node_modules/@babel/helper-compilation-targets Completed in 8871ms
2108 timing reifyNode:node_modules/@typescript-eslint/visitor-keys Completed in 8873ms
2109 http fetch GET 200 https://registry.npmjs.org/eslint-plugin-react-hooks/-/eslint-plugin-react-hooks-4.6.2.tgz 8812ms (cache miss)
2110 http fetch GET 200 https://registry.npmjs.org/fdir/-/fdir-6.5.0.tgz 8821ms (cache miss)
2111 timing reifyNode:node_modules/eslint-plugin-react-hooks Completed in 8885ms
2112 http fetch GET 200 https://registry.npmjs.org/@babel/template/-/template-7.28.6.tgz 8832ms (cache miss)
2113 http fetch GET 200 https://registry.npmjs.org/@babel/helper-module-transforms/-/helper-module-transforms-7.28.6.tgz 8834ms (cache miss)
2114 http fetch GET 200 https://registry.npmjs.org/glob-parent/-/glob-parent-5.1.2.tgz 8827ms (cache miss)
2115 timing reifyNode:node_modules/fast-glob/node_modules/glob-parent Completed in 8893ms
2116 timing reifyNode:node_modules/@babel/template Completed in 8894ms
2117 http fetch GET 200 https://registry.npmjs.org/@jridgewell/gen-mapping/-/gen-mapping-0.3.13.tgz 8841ms (cache miss)
2118 timing reifyNode:node_modules/@babel/helper-module-transforms Completed in 8895ms
2119 http fetch GET 200 https://registry.npmjs.org/json5/-/json5-2.2.3.tgz 8842ms (cache miss)
2120 timing reifyNode:node_modules/@jridgewell/remapping Completed in 8896ms
2121 timing reifyNode:node_modules/tinyglobby/node_modules/fdir Completed in 8898ms
2122 http fetch GET 200 https://registry.npmjs.org/@vitejs/plugin-react/-/plugin-react-4.7.0.tgz 8833ms (cache miss)
2123 http fetch GET 200 https://registry.npmjs.org/uri-js/-/uri-js-4.4.1.tgz 8856ms (cache miss)
2124 timing reifyNode:node_modules/@jridgewell/gen-mapping Completed in 8899ms
2125 http fetch GET 200 https://registry.npmjs.org/@types/react-dom/-/react-dom-18.3.7.tgz 8835ms (cache miss)
2126 http fetch GET 200 https://registry.npmjs.org/ts-api-utils/-/ts-api-utils-1.4.3.tgz 8840ms (cache miss)
2127 timing reifyNode:node_modules/json5 Completed in 8900ms
2128 timing reifyNode:node_modules/uri-js Completed in 8902ms
2129 timing reifyNode:node_modules/ts-api-utils Completed in 8902ms
2130 timing reifyNode:node_modules/@types/react-dom Completed in 8903ms
2131 http fetch GET 200 https://registry.npmjs.org/brace-expansion/-/brace-expansion-1.1.13.tgz 8837ms (cache miss)
2132 timing reifyNode:node_modules/@eslint/eslintrc/node_modules/brace-expansion Completed in 8903ms
2133 http fetch GET 200 https://registry.npmjs.org/glob-parent/-/glob-parent-5.1.2.tgz 8838ms (cache miss)
2134 timing reifyNode:node_modules/chokidar/node_modules/glob-parent Completed in 8905ms
2135 http fetch GET 200 https://registry.npmjs.org/brace-expansion/-/brace-expansion-1.1.13.tgz 8839ms (cache miss)
2136 timing reifyNode:node_modules/@humanwhocodes/config-array/node_modules/brace-expansion Completed in 8904ms
2137 timing reifyNode:node_modules/@vitejs/plugin-react Completed in 8908ms
2138 http fetch GET 200 https://registry.npmjs.org/@typescript-eslint/types/-/types-7.2.0.tgz 8848ms (cache miss)
2139 http fetch GET 200 https://registry.npmjs.org/minimatch/-/minimatch-3.1.5.tgz 8853ms (cache miss)
2140 timing reifyNode:node_modules/glob/node_modules/minimatch Completed in 8921ms
2141 timing reifyNode:node_modules/@typescript-eslint/types Completed in 8924ms
2142 http fetch GET 200 https://registry.npmjs.org/picomatch/-/picomatch-4.0.4.tgz 8861ms (cache miss)
2143 timing reifyNode:node_modules/tinyglobby/node_modules/picomatch Completed in 8928ms
2144 http fetch GET 200 https://registry.npmjs.org/@eslint-community/eslint-utils/-/eslint-utils-4.9.1.tgz 8869ms (cache miss)
2145 timing reifyNode:node_modules/@eslint-community/eslint-utils Completed in 8929ms
2146 http fetch GET 200 https://registry.npmjs.org/@eslint-community/regexpp/-/regexpp-4.12.2.tgz 8870ms (cache miss)
2147 http fetch GET 200 https://registry.npmjs.org/react/-/react-18.3.1.tgz 8868ms (cache miss)
2148 timing reifyNode:node_modules/@eslint-community/regexpp Completed in 8933ms
2149 http fetch GET 200 https://registry.npmjs.org/esquery/-/esquery-1.7.0.tgz 8884ms (cache miss)
2150 timing reifyNode:node_modules/@types/semver Completed in 8935ms
2151 http fetch GET 200 https://registry.npmjs.org/semver/-/semver-6.3.1.tgz 8869ms (cache miss)
2152 timing reifyNode:node_modules/react Completed in 8935ms
2153 http fetch GET 200 https://registry.npmjs.org/minimatch/-/minimatch-3.1.5.tgz 8870ms (cache miss)
2154 timing reifyNode:node_modules/@humanwhocodes/config-array/node_modules/minimatch Completed in 8937ms
2155 http fetch GET 200 https://registry.npmjs.org/minimatch/-/minimatch-3.1.5.tgz 8866ms (cache miss)
2156 timing reifyNode:node_modules/eslint/node_modules/minimatch Completed in 8938ms
2157 timing reifyNode:node_modules/@babel/helper-compilation-targets/node_modules/semver Completed in 8938ms
2158 http fetch GET 200 https://registry.npmjs.org/@jridgewell/trace-mapping/-/trace-mapping-0.3.31.tgz 8883ms (cache miss)
2159 timing reifyNode:node_modules/esquery Completed in 8938ms
2160 http fetch GET 200 https://registry.npmjs.org/semver/-/semver-6.3.1.tgz 8868ms (cache miss)
2161 timing reifyNode:node_modules/@jridgewell/trace-mapping Completed in 8939ms
2162 http fetch GET 200 https://registry.npmjs.org/brace-expansion/-/brace-expansion-1.1.13.tgz 8867ms (cache miss)
2163 timing reifyNode:node_modules/eslint/node_modules/brace-expansion Completed in 8940ms
2164 timing reifyNode:node_modules/@babel/core/node_modules/semver Completed in 8940ms
2165 http fetch GET 200 https://registry.npmjs.org/@eslint/eslintrc/-/eslintrc-2.1.4.tgz 8892ms (cache miss)
2166 timing reifyNode:node_modules/@eslint/eslintrc Completed in 8943ms
2167 http fetch GET 200 https://registry.npmjs.org/brace-expansion/-/brace-expansion-1.1.13.tgz 8879ms (cache miss)
2168 timing reifyNode:node_modules/glob/node_modules/brace-expansion Completed in 8946ms
2169 http fetch GET 200 https://registry.npmjs.org/semver/-/semver-7.7.4.tgz 8886ms (cache miss)
2170 timing reifyNode:node_modules/semver Completed in 8948ms
2171 http fetch GET 200 https://registry.npmjs.org/minimatch/-/minimatch-3.1.5.tgz 8885ms (cache miss)
2172 timing reifyNode:node_modules/@eslint/eslintrc/node_modules/minimatch Completed in 8951ms
2173 http fetch GET 200 https://registry.npmjs.org/graphemer/-/graphemer-1.4.0.tgz 8890ms (cache miss)
2174 timing reifyNode:node_modules/graphemer Completed in 8955ms
2175 http fetch GET 200 https://registry.npmjs.org/postcss/-/postcss-8.5.8.tgz 8894ms (cache miss)
2176 timing reifyNode:node_modules/postcss Completed in 8959ms
2177 http fetch GET 200 https://registry.npmjs.org/csstype/-/csstype-3.2.3.tgz 8897ms (cache miss)
2178 timing reifyNode:node_modules/csstype Completed in 8960ms
2179 http fetch GET 200 https://registry.npmjs.org/minimatch/-/minimatch-9.0.3.tgz 8902ms (cache miss)
2180 http fetch GET 200 https://registry.npmjs.org/@babel/generator/-/generator-7.29.1.tgz 8905ms (cache miss)
2181 timing reifyNode:node_modules/minimatch Completed in 8962ms
2182 timing reifyNode:node_modules/@babel/generator Completed in 8963ms
2183 http fetch GET 200 https://registry.npmjs.org/autoprefixer/-/autoprefixer-10.4.27.tgz 8906ms (cache miss)
2184 timing reifyNode:node_modules/autoprefixer Completed in 8971ms
2185 http fetch GET 200 https://registry.npmjs.org/@babel/traverse/-/traverse-7.29.0.tgz 8919ms (cache miss)
2186 timing reifyNode:node_modules/@babel/traverse Completed in 8975ms
2187 http fetch GET 200 https://registry.npmjs.org/ajv/-/ajv-6.14.0.tgz 8928ms (cache miss)
2188 timing reifyNode:node_modules/ajv Completed in 8977ms
2189 http fetch GET 200 https://registry.npmjs.org/@babel/parser/-/parser-7.29.2.tgz 8922ms (cache miss)
2190 timing reifyNode:node_modules/@babel/parser Completed in 8979ms
2191 http fetch GET 200 https://registry.npmjs.org/@typescript-eslint/utils/-/utils-7.2.0.tgz 8936ms (cache miss)
2192 timing reifyNode:node_modules/@typescript-eslint/utils Completed in 8998ms
2193 http fetch GET 200 https://registry.npmjs.org/@typescript-eslint/typescript-estree/-/typescript-estree-7.2.0.tgz 8939ms (cache miss)
2194 timing reifyNode:node_modules/@typescript-eslint/typescript-estree Completed in 9004ms
2195 http fetch GET 200 https://registry.npmjs.org/@babel/core/-/core-7.29.0.tgz 8949ms (cache miss)
2196 http fetch GET 200 https://registry.npmjs.org/@typescript-eslint/type-utils/-/type-utils-7.2.0.tgz 8947ms (cache miss)
2197 timing reifyNode:node_modules/@babel/core Completed in 9009ms
2198 timing reifyNode:node_modules/@typescript-eslint/type-utils Completed in 9009ms
2199 http fetch GET 200 https://registry.npmjs.org/vite/-/vite-5.4.21.tgz 8956ms (cache miss)
2200 timing reifyNode:node_modules/vite Completed in 9021ms
2201 http fetch GET 200 https://registry.npmjs.org/@babel/helpers/-/helpers-7.29.2.tgz 8965ms (cache miss)
2202 timing reifyNode:node_modules/@babel/helpers Completed in 9022ms
2203 http fetch GET 200 https://registry.npmjs.org/react-dom/-/react-dom-18.3.1.tgz 8969ms (cache miss)
2204 timing reifyNode:node_modules/react-dom Completed in 9032ms
2205 http fetch GET 200 https://registry.npmjs.org/@babel/types/-/types-7.29.0.tgz 8981ms (cache miss)
2206 timing reifyNode:node_modules/@babel/types Completed in 9040ms
2207 http fetch GET 200 https://registry.npmjs.org/tailwindcss/-/tailwindcss-3.4.19.tgz 9016ms (cache miss)
2208 timing reifyNode:node_modules/tailwindcss Completed in 9079ms
2209 http fetch GET 200 https://registry.npmjs.org/eslint/-/eslint-8.57.1.tgz 9018ms (cache miss)
2210 warn deprecated eslint@8.57.1: This version is no longer supported. Please see https://eslint.org/version-support for other options.
2211 timing reifyNode:node_modules/eslint Completed in 9083ms
2212 http fetch GET 200 https://registry.npmjs.org/caniuse-lite/-/caniuse-lite-1.0.30001782.tgz 9050ms (cache miss)
2213 timing reifyNode:node_modules/caniuse-lite Completed in 9102ms
2214 http fetch GET 200 https://registry.npmjs.org/typescript/-/typescript-5.9.3.tgz 9068ms (cache miss)
2215 timing reifyNode:node_modules/typescript Completed in 9132ms
2216 http fetch GET 200 https://registry.npmjs.org/@typescript-eslint/parser/-/parser-7.2.0.tgz 9246ms (cache miss)
2217 timing reifyNode:node_modules/@typescript-eslint/parser Completed in 9312ms
2218 http fetch GET 200 https://registry.npmjs.org/@typescript-eslint/scope-manager/-/scope-manager-7.2.0.tgz 9270ms (cache miss)
2219 timing reifyNode:node_modules/@typescript-eslint/scope-manager Completed in 9331ms
2220 http fetch GET 200 https://registry.npmjs.org/@types/react/-/react-18.3.28.tgz 9270ms (cache miss)
2221 timing reifyNode:node_modules/@types/react Completed in 9335ms
2222 http fetch GET 200 https://registry.npmjs.org/@typescript-eslint/eslint-plugin/-/eslint-plugin-7.2.0.tgz 9449ms (cache miss)
2223 timing reifyNode:node_modules/@typescript-eslint/eslint-plugin Completed in 9516ms
2224 timing reify:unpack Completed in 9519ms
2225 timing reify:unretire Completed in 0ms
2226 timing build:queue Completed in 4ms
2227 timing build:link:node_modules/@babel/parser Completed in 3ms
2228 timing build:link:node_modules/acorn Completed in 3ms
2229 timing build:link:node_modules/baseline-browser-mapping Completed in 3ms
2230 timing build:link:node_modules/cssesc Completed in 3ms
2231 timing build:link:node_modules/browserslist Completed in 3ms
2232 timing build:link:node_modules/eslint Completed in 3ms
2233 timing build:link:node_modules/@babel/core/node_modules/semver Completed in 2ms
2234 timing build:link:node_modules/@babel/helper-compilation-targets/node_modules/semver Completed in 2ms
2235 timing build:link:node_modules/jiti Completed in 3ms
2236 timing build:link:node_modules/autoprefixer Completed in 3ms
2237 timing build:link:node_modules/esbuild Completed in 3ms
2238 timing build:link:node_modules/loose-envify Completed in 2ms
2239 timing build:link:node_modules/js-yaml Completed in 4ms
2240 timing build:link:node_modules/resolve Completed in 3ms
2241 timing build:link:node_modules/jsesc Completed in 4ms
2242 timing build:link:node_modules/json5 Completed in 4ms
2243 timing build:link:node_modules/rimraf Completed in 3ms
2244 timing build:link:node_modules/nanoid Completed in 3ms
2245 timing build:link:node_modules/rollup Completed in 3ms
2246 timing build:link:node_modules/semver Completed in 3ms
2247 timing build:link:node_modules/tailwindcss Completed in 3ms
2248 timing build:link:node_modules/sucrase Completed in 3ms
2249 timing build:link:node_modules/vite Completed in 3ms
2250 timing build:link:node_modules/typescript Completed in 3ms
2251 timing build:link:node_modules/update-browserslist-db Completed in 3ms
2252 timing build:link:node_modules/which Completed in 3ms
2253 timing build:link Completed in 4ms
2254 info run esbuild@0.21.5 postinstall node_modules/esbuild node install.js
2255 info run esbuild@0.21.5 postinstall { code: 0, signal: null }
2256 timing build:run:postinstall:node_modules/esbuild Completed in 495ms
2257 timing build:run:postinstall Completed in 495ms
2258 timing build:deps Completed in 503ms
2259 timing build Completed in 503ms
2260 timing reify:build Completed in 503ms
2261 timing reify:trash Completed in 2ms
2262 timing reify:save Completed in 28ms
2263 timing reify Completed in 16554ms
2264 silly ADD node_modules/concat-map
2265 silly ADD node_modules/isexe
2266 silly ADD node_modules/@types/estree
2267 silly ADD
2268 silly ADD
2269 silly ADD
2270 silly ADD
2271 silly ADD
2272 silly ADD
2273 silly ADD
2274 silly ADD
2275 silly ADD
2276 silly ADD
2277 silly ADD
2278 silly ADD
2279 silly ADD
2280 silly ADD
2281 silly ADD
2282 silly ADD
2283 silly ADD
2284 silly ADD
2285 silly ADD
2286 silly ADD
2287 silly ADD
2288 silly ADD
2289 silly ADD node_modules/@rollup/rollup-darwin-arm64
2290 silly ADD
2291 silly ADD
2292 silly ADD
2293 silly ADD
2294 silly ADD
2295 silly ADD
2296 silly ADD
2297 silly ADD
2298 silly ADD
2299 silly ADD
2300 silly ADD
2301 silly ADD
2302 silly ADD
2303 silly ADD
2304 silly ADD
2305 silly ADD
2306 silly ADD
2307 silly ADD
2308 silly ADD
2309 silly ADD
2310 silly ADD node_modules/@esbuild/darwin-arm64
2311 silly ADD
2312 silly ADD
2313 silly ADD
2314 silly ADD
2315 silly ADD node_modules/rollup
2316 silly ADD node_modules/esbuild
2317 silly ADD node_modules/punycode
2318 silly ADD node_modules/escalade
2319 silly ADD node_modules/is-number
2320 silly ADD node_modules/thenify
2321 silly ADD node_modules/thenify-all
2322 silly ADD node_modules/object-assign
2323 silly ADD node_modules/any-promise
2324 silly ADD node_modules/ts-interface-checker
2325 silly ADD node_modules/tinyglobby
2326 silly ADD node_modules/tinyglobby/node_modules/picomatch
2327 silly ADD node_modules/tinyglobby/node_modules/fdir
2328 silly ADD node_modules/pirates
2329 silly ADD node_modules/mz
2330 silly ADD node_modules/lines-and-columns
2331 silly ADD node_modules/commander
2332 silly ADD node_modules/function-bind
2333 silly ADD node_modules/hasown
2334 silly ADD node_modules/supports-preserve-symlinks-flag
2335 silly ADD node_modules/path-parse
2336 silly ADD node_modules/is-core-module
2337 silly ADD node_modules/pify
2338 silly ADD node_modules/util-deprecate
2339 silly ADD node_modules/cssesc
2340 silly ADD node_modules/camelcase-css
2341 silly ADD node_modules/read-cache
2342 silly ADD node_modules/binary-extensions
2343 silly ADD node_modules/readdirp
2344 silly ADD node_modules/is-binary-path
2345 silly ADD node_modules/fsevents
2346 silly ADD node_modules/anymatch
2347 silly ADD node_modules/sucrase
2348 silly ADD node_modules/resolve
2349 silly ADD node_modules/postcss-selector-parser
2350 silly ADD node_modules/postcss-nested
2351 silly ADD node_modules/postcss-load-config
2352 silly ADD node_modules/postcss-js
2353 silly ADD node_modules/postcss-import
2354 silly ADD node_modules/object-hash
2355 silly ADD node_modules/normalize-path
2356 silly ADD node_modules/lilconfig
2357 silly ADD node_modules/jiti
2358 silly ADD node_modules/dlv
2359 silly ADD node_modules/didyoumean
2360 silly ADD node_modules/chokidar
2361 silly ADD node_modules/chokidar/node_modules/glob-parent
2362 silly ADD node_modules/arg
2363 silly ADD node_modules/@alloc/quick-lru
2364 silly ADD node_modules/has-flag
2365 silly ADD node_modules/ansi-regex
2366 silly ADD node_modules/shebang-regex
2367 silly ADD node_modules/queue-microtask
2368 silly ADD node_modules/wrappy
2369 silly ADD node_modules/path-is-absolute
2370 silly ADD node_modules/once
2371 silly ADD node_modules/inherits
2372 silly ADD node_modules/inflight
2373 silly ADD node_modules/fs.realpath
2374 silly ADD node_modules/glob
2375 silly ADD node_modules/glob/node_modules/brace-expansion
2376 silly ADD node_modules/glob/node_modules/minimatch
2377 silly ADD node_modules/scheduler
2378 silly ADD node_modules/loose-envify
2379 silly ADD node_modules/source-map-js
2380 silly ADD node_modules/nanoid
2381 silly ADD node_modules/callsites
2382 silly ADD node_modules/yocto-queue
2383 silly ADD node_modules/p-limit
2384 silly ADD node_modules/word-wrap
2385 silly ADD node_modules/fast-levenshtein
2386 silly ADD node_modules/deep-is
2387 silly ADD node_modules/balanced-match
2388 silly ADD node_modules/brace-expansion
2389 silly ADD node_modules/to-regex-range
2390 silly ADD node_modules/fill-range
2391 silly ADD node_modules/picomatch
2392 silly ADD node_modules/braces
2393 silly ADD node_modules/yallist
2394 silly ADD node_modules/p-locate
2395 silly ADD node_modules/type-check
2396 silly ADD node_modules/prelude-ls
2397 silly ADD node_modules/json-buffer
2398 silly ADD node_modules/argparse
2399 silly ADD node_modules/is-extglob
2400 silly ADD node_modules/resolve-from
2401 silly ADD node_modules/parent-module
2402 silly ADD node_modules/micromatch
2403 silly ADD node_modules/path-type
2404 silly ADD node_modules/slash
2405 silly ADD node_modules/merge2
2406 silly ADD node_modules/fast-glob
2407 silly ADD node_modules/fast-glob/node_modules/glob-parent
2408 silly ADD node_modules/dir-glob
2409 silly ADD node_modules/array-union
2410 silly ADD node_modules/type-fest
2411 silly ADD node_modules/rimraf
2412 silly ADD node_modules/keyv
2413 silly ADD node_modules/flatted
2414 silly ADD node_modules/path-exists
2415 silly ADD node_modules/locate-path
2416 silly ADD node_modules/flat-cache
2417 silly ADD node_modules/reusify
2418 silly ADD node_modules/acorn-jsx
2419 silly ADD node_modules/acorn
2420 silly ADD node_modules/estraverse
2421 silly ADD node_modules/esrecurse
2422 silly ADD node_modules/which
2423 silly ADD node_modules/shebang-command
2424 silly ADD node_modules/path-key
2425 silly ADD node_modules/color-name
2426 silly ADD node_modules/color-convert
2427 silly ADD node_modules/supports-color
2428 silly ADD node_modules/ansi-styles
2429 silly ADD node_modules/uri-js
2430 silly ADD node_modules/json-schema-traverse
2431 silly ADD node_modules/fast-json-stable-stringify
2432 silly ADD node_modules/run-parallel
2433 silly ADD node_modules/@nodelib/fs.stat
2434 silly ADD node_modules/fastq
2435 silly ADD node_modules/@nodelib/fs.scandir
2436 silly ADD node_modules/@humanwhocodes/object-schema
2437 silly ADD node_modules/strip-json-comments
2438 silly ADD node_modules/import-fresh
2439 silly ADD node_modules/text-table
2440 silly ADD node_modules/strip-ansi
2441 silly ADD node_modules/optionator
2442 silly ADD node_modules/lodash.merge
2443 silly ADD node_modules/levn
2444 silly ADD node_modules/json-stable-stringify-without-jsonify
2445 silly ADD node_modules/js-yaml
2446 silly ADD node_modules/is-path-inside
2447 silly ADD node_modules/imurmurhash
2448 silly ADD node_modules/globals
2449 silly ADD node_modules/glob-parent
2450 silly ADD node_modules/find-up
2451 silly ADD node_modules/file-entry-cache
2452 silly ADD node_modules/fast-deep-equal
2453 silly ADD node_modules/esutils
2454 silly ADD node_modules/esquery
2455 silly ADD node_modules/espree
2456 silly ADD node_modules/eslint-scope
2457 silly ADD node_modules/escape-string-regexp
2458 silly ADD node_modules/doctrine
2459 silly ADD node_modules/cross-spawn
2460 silly ADD node_modules/chalk
2461 silly ADD node_modules/ajv
2462 silly ADD node_modules/@ungap/structured-clone
2463 silly ADD node_modules/@nodelib/fs.walk
2464 silly ADD node_modules/@humanwhocodes/module-importer
2465 silly ADD node_modules/@humanwhocodes/config-array
2466 silly ADD node_modules/@humanwhocodes/config-array/node_modules/brace-expansion
2467 silly ADD node_modules/@humanwhocodes/config-array/node_modules/minimatch
2468 silly ADD node_modules/@eslint/js
2469 silly ADD node_modules/@eslint/eslintrc
2470 silly ADD node_modules/@eslint/eslintrc/node_modules/brace-expansion
2471 silly ADD node_modules/@eslint/eslintrc/node_modules/minimatch
2472 silly ADD node_modules/ms
2473 silly ADD node_modules/update-browserslist-db
2474 silly ADD node_modules/node-releases
2475 silly ADD node_modules/electron-to-chromium
2476 silly ADD node_modules/baseline-browser-mapping
2477 silly ADD node_modules/postcss-value-parser
2478 silly ADD node_modules/fraction.js
2479 silly ADD node_modules/caniuse-lite
2480 silly ADD node_modules/@types/babel__traverse
2481 silly ADD node_modules/@types/babel__template
2482 silly ADD node_modules/@types/babel__generator
2483 silly ADD node_modules/@jridgewell/resolve-uri
2484 silly ADD node_modules/@jridgewell/sourcemap-codec
2485 silly ADD node_modules/@babel/helper-string-parser
2486 silly ADD node_modules/@babel/helper-globals
2487 silly ADD node_modules/@babel/helper-plugin-utils
2488 silly ADD node_modules/@babel/helper-module-imports
2489 silly ADD node_modules/lru-cache
2490 silly ADD node_modules/browserslist
2491 silly ADD node_modules/@babel/helper-validator-option
2492 silly ADD node_modules/@babel/compat-data
2493 silly ADD node_modules/jsesc
2494 silly ADD node_modules/@jridgewell/trace-mapping
2495 silly ADD node_modules/@jridgewell/gen-mapping
2496 silly ADD node_modules/picocolors
2497 silly ADD node_modules/js-tokens
2498 silly ADD node_modules/@babel/helper-validator-identifier
2499 silly ADD node_modules/json5
2500 silly ADD node_modules/gensync
2501 silly ADD node_modules/convert-source-map
2502 silly ADD node_modules/@jridgewell/remapping
2503 silly ADD node_modules/@babel/types
2504 silly ADD node_modules/@babel/traverse
2505 silly ADD node_modules/@babel/template
2506 silly ADD node_modules/@babel/parser
2507 silly ADD node_modules/@babel/helpers
2508 silly ADD node_modules/@babel/helper-module-transforms
2509 silly ADD node_modules/@babel/helper-compilation-targets
2510 silly ADD node_modules/@babel/helper-compilation-targets/node_modules/semver
2511 silly ADD node_modules/@babel/generator
2512 silly ADD node_modules/@babel/code-frame
2513 silly ADD node_modules/react-refresh
2514 silly ADD node_modules/@types/babel__core
2515 silly ADD node_modules/@rolldown/pluginutils
2516 silly ADD node_modules/@babel/plugin-transform-react-jsx-source
2517 silly ADD node_modules/@babel/plugin-transform-react-jsx-self
2518 silly ADD node_modules/@babel/core
2519 silly ADD node_modules/@babel/core/node_modules/semver
2520 silly ADD node_modules/eslint-visitor-keys
2521 silly ADD node_modules/@types/semver
2522 silly ADD node_modules/@types/json-schema
2523 silly ADD node_modules/@eslint-community/eslint-utils
2524 silly ADD node_modules/minimatch
2525 silly ADD node_modules/is-glob
2526 silly ADD node_modules/globby
2527 silly ADD node_modules/@typescript-eslint/typescript-estree
2528 silly ADD node_modules/@typescript-eslint/types
2529 silly ADD node_modules/ts-api-utils
2530 silly ADD node_modules/semver
2531 silly ADD node_modules/natural-compare
2532 silly ADD node_modules/ignore
2533 silly ADD node_modules/graphemer
2534 silly ADD node_modules/debug
2535 silly ADD node_modules/@typescript-eslint/visitor-keys
2536 silly ADD node_modules/@typescript-eslint/utils
2537 silly ADD node_modules/@typescript-eslint/type-utils
2538 silly ADD node_modules/@typescript-eslint/scope-manager
2539 silly ADD node_modules/@eslint-community/regexpp
2540 silly ADD node_modules/csstype
2541 silly ADD node_modules/@types/prop-types
2542 silly ADD node_modules/typescript
2543 silly ADD node_modules/tailwindcss
2544 silly ADD node_modules/react-dom
2545 silly ADD node_modules/react
2546 silly ADD node_modules/eslint-plugin-react-refresh
2547 silly ADD node_modules/eslint-plugin-react-hooks
2548 silly ADD node_modules/postcss
2549 silly ADD node_modules/autoprefixer
2550 silly ADD node_modules/vite
2551 silly ADD node_modules/@vitejs/plugin-react
2552 silly ADD node_modules/@typescript-eslint/parser
2553 silly ADD node_modules/eslint
2554 silly ADD node_modules/eslint/node_modules/brace-expansion
2555 silly ADD node_modules/eslint/node_modules/minimatch
2556 silly ADD node_modules/@typescript-eslint/eslint-plugin
2557 silly ADD node_modules/@types/react-dom
2558 silly ADD node_modules/@types/react
2559 timing command:install Completed in 16601ms
2560 verbose exit 0
2561 timing npm Completed in 16705ms
2562 info ok
